attendance,gpa,internal,assignment,terminal,behaviour,performance
54,2.28,48,59,41,61,Average
39,3.04,70,62,73,78,Good
44,2.41,53,46,39,62,Average
96,3.75,86,95,66,84,Excellent
34,1.18,41,48,21,56,Poor
50,2.62,68,65,62,72,Good
81,3.29,59,69,67,90,Good
71,2.33,59,57,63,40,Average
80,3.35,76,81,82,78,Excellent
34,1.54,36,43,61,22,Poor
36,1.75,23,42,63,49,Poor
97,3.71,97,86,93,82,Excellent
84,3.35,88,96,85,98,Excellent
64,2.22,44,73,45,32,Average
37,1.68,22,44,13,39,Poor
61,2.85,75,73,55,72,Good
79,3.08,52,71,47,82,Good
100,3.45,83,84,100,100,Good
31,1.27,41,47,27,49,Poor
30,1.06,38,39,40,31,Poor
85,3.22,100,77,76,88,Excellent
97,3.13,75,80,98,100,Good
70,2.83,68,82,65,72,Good
58,2.0,59,50,40,47,Average
72,3.16,77,72,41,100,Good
39,1.8,38,43,5,46,Poor
71,1.49,44,34,34,42,Poor
77,2.89,59,84,56,80,Good
81,3.51,81,82,61,85,Excellent
82,2.83,82,70,61,78,Good
56,2.85,75,67,46,73,Good
76,2.33,60,47,70,73,Average
83,3.7,72,92,65,89,Excellent
40,1.52,46,25,28,22,Poor
99,3.64,87,92,42,94,Excellent
65,2.72,56,69,67,75,Good
58,2.35,57,57,60,45,Average
83,3.49,100,77,87,91,Excellent
91,3.84,67,87,81,94,Excellent
73,3.22,71,67,54,67,Good
99,4.0,98,89,92,96,Excellent
100,3.33,77,82,50,80,Excellent
69,3.62,75,78,60,99,Excellent
91,3.81,79,99,75,86,Excellent
61,2.68,51,64,55,46,Average
51,2.45,56,41,59,63,Average
35,1.61,52,43,28,26,Poor
79,3.4,94,88,75,92,Excellent
30,2.02,39,41,35,42,Poor
36,2.58,56,54,65,76,Average
77,2.31,53,71,69,68,Good
61,2.2,59,46,50,60,Average
79,4.0,74,88,93,91,Excellent
44,1.3,29,36,22,36,Poor
91,3.9,84,88,92,88,Excellent
43,1.6,12,38,8,28,Poor
84,2.86,72,66,75,63,Good
78,3.15,64,55,76,58,Good
25,1.72,27,30,16,49,Poor
71,2.57,81,67,67,77,Excellent
86,3.41,85,76,91,90,Excellent
76,3.72,84,86,84,84,Good
78,2.89,59,65,79,72,Good
95,4.0,85,82,80,100,Excellent
100,3.38,90,85,80,99,Excellent
69,2.89,68,76,89,76,Good
65,2.83,62,68,100,82,Good
72,2.99,73,75,72,58,Good
55,2.37,45,49,71,66,Average
67,3.84,86,84,82,86,Excellent
33,2.4,68,57,36,52,Average
26,1.85,17,35,54,38,Poor
57,2.01,49,43,21,37,Poor
63,2.37,60,50,33,63,Average
91,3.25,100,87,85,94,Excellent
71,3.48,80,80,80,92,Good
50,1.24,33,42,42,38,Poor
35,1.76,36,40,36,49,Poor
57,1.57,15,40,28,25,Poor
50,1.19,29,42,47,34,Poor
64,2.28,62,52,39,50,Average
35,2.35,50,59,66,60,Average
63,3.01,59,70,84,81,Good
78,1.95,70,54,53,45,Average
67,2.27,51,54,43,67,Average
81,3.43,88,88,93,100,Excellent
50,1.56,24,42,19,42,Poor
64,2.83,69,83,72,62,Good
40,1.53,45,37,52,60,Poor
37,1.4,33,30,62,59,Poor
61,3.45,95,98,64,92,Excellent
70,2.66,81,68,51,72,Good
47,1.42,36,47,21,19,Poor
90,2.69,72,81,48,77,Good
55,2.43,54,55,87,41,Average
85,3.45,92,88,92,97,Excellent
28,1.71,25,31,54,28,Poor
18,1.75,57,42,33,41,Poor
86,3.73,91,77,100,100,Excellent
62,1.92,53,51,63,88,Average
63,2.66,56,69,38,58,Average
100,3.18,96,86,68,91,Excellent
100,3.33,100,77,100,82,Excellent
63,2.3,52,54,60,58,Average
71,3.03,74,77,88,73,Good
70,2.71,75,83,48,51,Average
43,2.64,69,56,72,52,Average
96,3.64,79,89,95,95,Excellent
92,3.42,88,98,96,82,Excellent
63,2.34,46,60,42,56,Average
65,1.62,37,43,7,42,Average
84,3.56,76,85,92,88,Excellent
41,1.8,23,26,39,48,Poor
38,2.32,52,49,55,70,Average
67,3.5,72,98,97,87,Excellent
78,2.2,78,56,37,51,Average
93,3.49,91,95,79,83,Good
88,3.59,77,89,76,86,Excellent
84,3.12,87,69,51,68,Excellent
72,2.26,56,62,75,55,Average
40,1.63,30,32,34,30,Poor
88,2.92,57,69,45,59,Good
76,3.18,75,67,79,65,Good
55,2.39,58,64,70,55,Average
76,2.97,78,67,41,74,Good
45,2.65,65,59,51,53,Average
66,1.93,46,49,72,28,Average
70,3.14,56,64,56,73,Good
67,3.0,75,59,68,74,Good
67,3.13,70,76,85,80,Good
49,1.8,39,36,45,52,Average
66,2.63,70,70,100,80,Good
69,2.54,46,51,72,65,Average
41,2.17,52,53,53,63,Average
63,2.48,64,73,47,72,Good
80,3.54,89,95,94,95,Excellent
70,3.5,76,79,86,100,Excellent
47,2.38,43,59,49,52,Average
79,3.25,70,63,81,81,Good
35,1.36,35,44,59,34,Poor
52,1.13,35,49,19,43,Poor
70,2.94,72,50,56,67,Good
57,1.64,42,33,0,36,Poor
42,1.5,28,35,31,42,Poor
49,2.39,63,62,64,56,Average
92,3.78,100,92,87,98,Excellent
69,1.82,46,47,45,63,Average
30,1.65,41,42,41,39,Poor
63,1.92,44,59,52,63,Average
89,3.18,94,82,100,99,Excellent
55,2.01,52,62,52,68,Average
16,1.54,37,39,12,45,Poor
67,2.86,64,73,74,61,Good
59,2.15,69,49,52,64,Average
88,3.65,74,93,94,94,Excellent
30,2.28,50,50,44,51,Poor
100,3.27,91,80,73,100,Excellent
35,1.39,36,29,32,45,Poor
52,2.52,36,47,52,61,Average
48,1.67,50,28,49,29,Poor
73,2.24,40,61,78,51,Average
46,2.51,53,55,66,62,Average
87,3.62,77,83,94,82,Excellent
98,3.15,100,89,100,70,Excellent
59,1.94,56,62,35,73,Average
75,2.63,75,76,78,83,Good
88,3.53,81,90,67,84,Excellent
31,1.26,51,41,38,34,Poor
50,1.86,22,40,18,49,Poor
100,3.37,70,75,94,64,Excellent
38,2.01,39,39,30,60,Poor
32,1.42,45,37,18,25,Poor
33,2.32,52,50,26,49,Average
83,2.66,84,72,59,69,Good
43,1.6,36,42,33,49,Poor
83,2.97,72,67,42,75,Good
68,2.27,50,57,63,45,Average
64,2.06,63,59,47,77,Poor
100,3.24,100,95,94,100,Good
49,2.56,72,58,69,55,Average
87,3.63,93,82,65,74,Good
62,1.1,46,40,50,36,Poor
50,2.04,53,59,55,49,Average
31,1.32,28,48,32,14,Poor
94,3.35,87,81,74,70,Excellent
83,3.6,85,89,84,71,Excellent
81,3.2,100,92,72,100,Excellent
46,1.58,53,36,36,59,Poor
72,3.05,70,66,33,77,Good
47,2.24,38,54,53,48,Average
78,3.54,90,95,75,80,Excellent
61,3.33,66,73,67,64,Good
40,2.1,70,47,52,58,Average
94,3.81,79,89,51,79,Excellent
60,2.58,85,68,85,70,Excellent
47,1.79,36,32,25,42,Poor
85,3.52,73,90,97,81,Excellent
47,1.89,41,32,10,46,Poor
61,2.9,76,63,71,73,Good
94,3.39,74,69,83,100,Excellent
100,3.28,72,74,67,52,Good
56,1.56,46,53,73,63,Average
87,3.3,78,93,100,93,Excellent
32,1.6,31,37,44,38,Poor
55,2.04,48,49,59,41,Poor
77,2.76,66,79,92,90,Good
59,1.99,60,56,55,50,Average
51,2.02,43,58,44,28,Average
90,3.5,89,71,93,87,Good
37,2.5,61,58,26,49,Average
48,1.93,53,55,46,57,Average
60,2.49,60,55,64,63,Good
68,2.61,81,76,68,88,Good
85,2.51,39,65,70,55,Average
51,2.91,67,70,66,75,Good
87,3.29,70,87,71,70,Excellent
90,3.22,87,88,69,88,Excellent
82,3.73,81,86,83,64,Excellent
48,2.21,50,58,44,51,Average
51,2.29,50,56,54,47,Average
64,2.98,73,63,77,88,Good
43,2.23,60,67,34,53,Average
75,2.84,61,63,78,79,Good
47,1.48,29,40,53,47,Poor
67,2.81,75,69,70,54,Good
88,3.65,61,84,87,73,Excellent
88,3.58,100,80,98,84,Excellent
69,2.57,59,62,28,60,Average
94,2.74,63,67,79,77,Good
91,3.3,91,76,82,72,Excellent
80,2.92,77,65,63,91,Good
78,2.24,60,61,51,67,Average
44,1.54,29,41,12,51,Average
84,3.78,100,95,76,73,Excellent
94,3.37,83,90,89,89,Excellent
67,2.98,71,78,83,78,Good
86,4.0,79,84,100,76,Excellent
72,2.19,61,51,45,75,Average
49,1.65,30,36,50,54,Poor
85,2.85,79,73,66,70,Good
49,1.69,23,37,40,37,Poor
63,2.86,76,78,60,59,Good
60,2.35,53,48,60,80,Good
59,1.95,57,64,56,67,Average
91,4.0,79,83,73,80,Excellent
90,3.65,74,81,92,75,Excellent
83,2.82,70,71,49,59,Good
86,3.68,86,94,72,95,Excellent
61,3.28,64,77,92,77,Good
54,1.79,21,43,37,51,Poor
86,2.89,82,75,49,89,Good
75,3.24,57,70,70,51,Good
81,3.61,90,88,75,78,Excellent
74,3.12,84,71,71,87,Good
59,1.69,28,55,37,35,Poor
52,1.77,33,42,53,41,Poor
56,2.08,53,52,24,53,Average
45,1.64,20,27,38,51,Poor
59,2.67,47,56,74,61,Average
52,2.13,63,56,69,43,Average
75,2.23,54,56,38,59,Average
77,2.42,67,56,64,75,Average
100,3.1,82,79,63,99,Excellent
80,2.79,70,70,70,44,Good
100,3.43,95,90,100,69,Excellent
60,2.54,53,56,43,63,Average
57,1.75,38,38,20,17,Poor
34,1.47,39,49,29,51,Poor
53,1.73,28,42,23,23,Poor
88,3.3,76,82,87,84,Excellent
54,2.17,55,53,30,60,Average
72,2.91,70,72,61,87,Good
39,1.26,37,33,20,34,Poor
84,3.62,87,89,86,100,Excellent
58,2.9,48,73,74,72,Good
78,2.64,66,72,51,93,Good
45,2.16,32,40,58,37,Poor
100,2.7,54,70,44,55,Good
73,3.22,62,67,83,71,Good
97,3.36,81,75,76,58,Excellent
69,2.37,56,62,81,47,Average
56,2.35,73,73,64,71,Good
100,3.51,94,84,57,75,Excellent
82,2.9,70,82,68,75,Good
79,2.86,75,74,53,78,Good
48,2.19,23,52,51,65,Good
95,3.31,75,89,80,94,Excellent
38,1.99,29,41,31,38,Poor
75,3.53,78,78,80,82,Excellent
100,3.52,87,90,64,100,Excellent
60,1.82,48,32,13,44,Average
28,1.8,37,44,29,27,Average
68,2.81,76,74,48,67,Good
80,2.56,52,54,68,81,Average
54,2.36,49,59,71,50,Average
28,2.26,20,38,54,54,Poor
74,2.88,69,53,71,66,Good
65,1.18,44,42,34,51,Poor
40,1.56,36,36,33,37,Poor
76,3.3,95,88,91,90,Excellent
100,3.4,67,90,73,72,Excellent
61,2.86,62,67,36,88,Good
70,3.51,89,86,51,85,Excellent
73,2.34,45,54,56,56,Average
34,1.52,25,23,52,42,Poor
93,3.78,74,72,96,76,Excellent
71,3.23,80,73,63,83,Good
37,2.4,60,60,46,62,Average
67,2.17,49,60,63,53,Poor
95,3.43,89,86,100,85,Excellent
100,3.69,88,92,83,76,Excellent
79,3.13,91,78,67,62,Good
82,3.49,100,80,100,82,Excellent
38,2.03,56,58,38,61,Average
33,2.17,70,53,44,55,Average
66,2.07,42,56,38,67,Average
100,3.86,83,86,69,100,Excellent
59,1.7,37,37,65,50,Average
54,2.11,53,58,30,64,Average
66,2.44,53,49,42,71,Average
66,2.98,72,66,62,70,Good
83,3.55,82,74,77,82,Excellent
77,2.27,42,49,57,53,Average
39,2.2,35,51,29,62,Average
63,2.45,58,50,62,63,Poor
51,2.17,52,47,26,51,Average
86,3.59,83,96,91,95,Excellent
63,2.28,73,51,54,53,Average
54,1.38,43,33,26,51,Poor
43,1.34,29,31,29,35,Poor
72,3.24,80,78,61,59,Good
92,2.8,70,72,34,58,Good
59,2.02,46,48,50,48,Average
85,3.22,59,67,86,70,Good
61,3.48,77,72,85,99,Good
38,1.9,30,42,35,21,Poor
58,1.44,40,38,43,34,Poor
93,3.12,63,71,60,87,Good
57,1.27,36,32,35,39,Poor
71,2.64,72,67,78,98,Good
68,1.73,37,41,30,57,Poor
91,3.57,93,85,89,85,Excellent
57,3.06,66,67,56,67,Average
13,1.51,45,32,47,55,Poor
77,3.81,76,96,79,100,Excellent
94,2.77,54,60,66,64,Good
35,1.7,36,37,38,49,Poor
98,3.53,87,92,86,96,Excellent
75,2.39,54,55,57,67,Average
80,3.53,91,85,99,100,Excellent
88,2.62,66,70,66,73,Good
47,1.77,36,39,57,47,Poor
85,3.69,100,93,79,73,Excellent
36,2.22,65,49,63,47,Average
45,1.85,47,39,67,41,Poor
75,3.55,100,99,93,92,Excellent
74,1.25,38,27,5,43,Poor
79,2.55,68,67,81,84,Good
34,1.3,48,32,64,10,Poor
74,3.15,80,74,53,50,Good
58,1.54,35,49,49,49,Poor
45,1.47,37,37,15,44,Poor
73,2.72,37,49,40,53,Average
95,3.35,100,75,100,83,Excellent
99,3.67,63,98,88,77,Excellent
77,3.18,63,72,47,80,Good
46,2.07,46,52,45,61,Good
84,3.11,64,67,36,74,Good
65,2.68,63,56,62,65,Average
76,2.24,49,57,72,56,Average
88,3.53,93,73,74,88,Excellent
100,3.39,77,86,96,88,Good
49,2.09,44,57,35,50,Average
76,2.07,60,49,74,61,Average
100,3.94,83,92,93,100,Excellent
35,2.01,39,58,44,52,Poor
79,3.42,74,76,77,77,Good
43,2.64,73,65,47,45,Average
79,3.44,89,83,70,89,Excellent
30,2.38,41,59,54,65,Poor
100,3.18,91,82,61,89,Excellent
56,2.02,53,59,60,83,Average
64,3.35,78,72,89,54,Good
67,3.09,74,74,69,72,Good
99,3.36,98,84,87,89,Excellent
39,2.06,32,33,24,54,Poor
68,2.03,51,55,59,49,Average
65,2.82,77,71,47,92,Good
86,3.61,92,90,68,83,Excellent
91,2.45,81,66,47,86,Good
41,1.57,30,45,0,36,Poor
66,2.3,49,50,58,44,Average
68,2.93,69,77,52,71,Good
41,2.11,52,55,29,71,Average
48,2.34,57,46,64,45,Average
59,2.34,59,49,74,36,Average
94,3.5,100,91,92,71,Excellent
100,3.63,85,82,66,96,Good
100,2.96,64,89,48,72,Good
66,1.3,47,44,49,57,Poor
85,2.95,64,63,81,77,Good
48,1.34,24,37,18,30,Poor
47,2.07,70,58,54,55,Average
40,1.61,50,43,17,35,Poor
59,1.49,50,41,36,32,Poor
55,2.02,50,54,53,39,Average
91,3.11,72,90,86,84,Excellent
50,1.73,31,43,50,34,Poor
87,3.51,78,78,70,70,Good
79,2.27,38,59,57,46,Average
45,2.02,44,60,32,54,Average
70,3.33,94,96,64,79,Excellent
54,2.36,46,50,20,72,Average
100,3.36,75,89,100,94,Excellent
82,3.57,92,74,100,82,Excellent
66,2.77,90,78,31,65,Good
64,3.6,72,67,81,81,Average
85,3.88,60,93,100,62,Excellent
53,2.26,58,65,24,52,Average
89,3.7,90,79,96,96,Excellent
100,3.63,85,91,100,92,Excellent
50,2.66,31,55,70,57,Average
81,2.86,85,81,54,73,Good
82,2.46,62,70,79,100,Good
73,2.88,60,74,60,80,Good
77,3.01,67,73,91,76,Good
81,2.92,81,75,35,66,Good
100,3.78,87,92,67,91,Excellent
95,3.98,77,84,87,93,Excellent
82,3.61,78,91,93,100,Excellent
24,1.17,43,35,43,43,Poor
93,3.92,85,90,66,82,Excellent
38,1.78,38,41,55,46,Average
65,3.11,66,60,86,63,Good
84,3.04,67,67,64,76,Good
95,2.95,74,80,66,64,Good
90,2.51,50,73,61,72,Good
71,2.32,54,54,49,65,Average
49,1.62,39,48,35,51,Poor
95,3.19,86,74,86,64,Good
86,3.41,99,87,99,69,Excellent
51,2.3,52,61,28,48,Average
43,2.06,53,51,40,54,Average
73,3.15,68,82,58,65,Good
34,1.77,26,36,0,47,Poor
93,3.52,79,89,100,84,Excellent
56,2.45,64,61,47,45,Average
59,1.49,21,35,40,54,Poor
91,3.72,85,95,79,100,Excellent
57,1.47,24,35,31,60,Poor
44,1.66,44,45,30,48,Poor
84,3.19,64,68,52,80,Good
38,1.95,49,38,27,39,Average
70,3.0,80,69,54,55,Good
63,2.98,67,73,68,61,Good
98,3.6,94,69,100,84,Excellent
65,2.92,61,76,62,57,Good
87,3.6,88,89,100,91,Excellent
90,4.0,88,84,97,92,Excellent
94,3.38,85,99,100,91,Excellent
72,2.93,49,71,81,60,Good
95,3.33,93,82,87,96,Excellent
93,3.71,76,86,33,74,Excellent
81,3.66,78,75,58,87,Excellent
72,3.28,68,77,34,100,Good
57,2.15,53,53,59,60,Average
71,3.84,79,89,59,72,Excellent
68,2.67,70,65,82,71,Good
97,3.2,86,98,68,78,Excellent
45,1.33,47,37,36,25,Poor
81,3.54,85,89,79,65,Excellent
52,1.91,61,58,35,50,Average
79,2.24,41,53,64,66,Average
100,3.41,79,89,68,89,Excellent
42,1.43,38,39,37,48,Poor
65,1.65,28,47,9,28,Poor
18,1.24,5,51,39,31,Poor
32,1.95,19,32,32,24,Poor
65,2.7,63,79,58,66,Good
80,3.1,54,78,59,68,Good
41,1.71,44,44,43,21,Poor
100,3.68,83,87,100,77,Excellent
74,2.33,62,56,68,63,Average
52,1.63,34,37,54,36,Poor
50,1.73,30,49,37,45,Poor
55,1.36,59,38,55,29,Poor
57,2.24,39,58,62,64,Average
53,1.75,41,36,39,35,Poor
83,3.45,87,83,100,76,Excellent
59,1.68,37,39,30,65,Poor
72,2.97,72,86,36,80,Good
54,2.4,57,56,66,50,Average
54,1.39,31,40,20,40,Poor
67,1.47,25,37,50,42,Poor
67,2.21,41,58,60,30,Average
85,2.48,67,73,54,92,Good
87,3.42,76,90,63,95,Good
67,2.35,76,58,50,48,Average
92,3.61,84,93,100,79,Excellent
44,1.97,34,44,44,53,Poor
57,2.11,46,63,71,69,Average
84,3.35,89,88,100,71,Excellent
93,3.08,66,68,66,79,Good
71,1.5,40,35,21,34,Poor
78,3.49,74,90,100,100,Excellent
51,2.32,56,64,71,57,Average
63,1.59,19,37,51,38,Poor
74,2.66,67,80,86,72,Good
31,1.68,32,39,51,28,Poor
66,3.04,81,62,74,69,Good
37,1.39,50,29,4,29,Average
90,3.77,100,83,100,86,Excellent
71,3.33,84,86,100,70,Excellent
61,2.48,38,57,51,66,Average
61,3.01,64,66,47,77,Good
51,1.32,44,38,56,55,Poor
74,2.72,70,65,89,56,Good
83,3.35,74,75,77,88,Excellent
98,2.63,67,72,97,57,Good
59,2.19,45,58,55,63,Average
81,3.77,82,84,68,91,Excellent
75,3.2,70,77,52,72,Good
63,2.32,40,54,77,50,Average
75,2.69,79,86,68,78,Excellent
83,3.05,74,69,75,69,Good
56,2.34,55,56,41,55,Average
30,1.82,29,43,18,54,Average
52,1.81,35,38,43,49,Poor
47,2.24,50,65,70,59,Average
8,1.54,9,37,36,13,Poor
64,2.18,41,51,59,70,Average
60,2.96,79,75,67,52,Good
83,2.78,71,73,53,99,Good
24,1.55,42,40,25,50,Poor
99,3.39,97,87,100,78,Excellent
53,1.87,46,39,25,41,Poor
79,3.1,74,60,55,72,Good
52,1.29,35,34,43,39,Poor
68,2.65,74,71,92,68,Good
60,2.83,72,72,62,50,Good
50,2.31,40,50,83,63,Average
72,1.98,50,62,57,57,Average
96,3.21,76,89,100,90,Excellent
48,2.0,49,37,43,38,Poor
76,3.13,93,77,86,66,Good
76,2.85,71,73,59,62,Good
78,3.67,82,90,75,84,Excellent
30,1.87,30,36,58,29,Poor
33,1.53,42,39,56,29,Poor
88,2.72,55,74,55,76,Good
66,2.18,67,56,55,58,Average
53,1.8,45,41,19,62,Poor
76,4.0,99,90,84,84,Excellent
68,1.86,17,58,30,56,Average
94,3.54,90,80,86,70,Excellent
28,1.86,44,41,57,47,Poor
80,3.78,72,84,84,87,Excellent
89,3.29,96,85,83,75,Excellent
71,3.63,100,78,86,78,Excellent
100,3.68,76,76,78,84,Excellent
39,2.01,36,36,36,46,Poor
49,2.15,57,59,63,63,Average
61,2.2,59,61,45,64,Average
65,2.95,71,90,65,59,Good
74,3.69,80,88,88,83,Excellent
74,1.58,42,51,39,62,Average
63,2.28,50,48,67,49,Average
75,3.77,90,82,59,84,Excellent
81,2.75,60,77,74,74,Good
56,1.87,32,32,35,32,Poor
92,3.5,80,87,82,99,Excellent
87,3.45,71,82,76,98,Excellent
33,1.59,23,37,61,52,Poor
74,2.68,69,72,70,80,Good
54,2.56,44,50,51,49,Average
88,3.35,80,95,64,95,Excellent
100,3.18,68,91,73,82,Excellent
69,2.75,64,64,67,52,Good
67,3.15,61,76,60,60,Good
71,3.63,85,89,86,100,Excellent
94,3.56,88,89,93,99,Excellent
100,3.89,85,81,90,78,Excellent
34,1.67,28,40,25,17,Poor
33,1.3,56,40,23,51,Poor
91,3.7,71,93,88,81,Excellent
70,2.8,45,51,34,63,Average
35,1.87,28,36,31,38,Poor
59,2.64,48,55,26,62,Average
100,3.63,94,85,94,89,Excellent
74,2.05,36,70,87,60,Average
38,1.7,39,41,29,45,Poor
57,1.51,19,36,44,47,Poor
19,1.31,32,45,34,36,Average
65,3.16,79,73,78,72,Good
56,3.18,75,75,82,66,Good
100,3.4,76,85,84,99,Excellent
50,2.15,47,60,36,73,Average
100,3.79,76,92,88,83,Excellent
72,2.0,37,67,31,60,Average
90,2.88,51,74,46,77,Good
100,3.26,82,85,62,93,Excellent
91,3.26,76,80,85,79,Excellent
82,3.61,71,87,83,93,Good
68,2.43,48,73,32,45,Average
75,3.12,67,86,71,69,Good
57,2.13,69,47,54,57,Average
71,2.72,72,67,91,69,Good
85,2.51,45,57,47,56,Average
65,1.7,17,43,12,47,Poor
58,2.24,52,52,55,59,Average
43,1.63,26,35,27,52,Poor
83,3.44,78,78,76,88,Excellent
59,1.53,47,37,21,38,Poor
81,3.29,67,80,65,89,Good
86,3.07,55,74,84,62,Good
49,1.49,44,34,63,41,Poor
66,2.18,41,58,29,73,Average
65,2.8,77,68,66,72,Good
76,3.44,96,87,100,91,Excellent
88,3.89,60,91,84,83,Excellent
43,1.29,39,40,43,45,Poor
94,3.3,81,84,98,97,Excellent
62,2.0,57,50,39,55,Good
44,2.16,64,57,44,67,Average
39,1.91,37,50,47,35,Average
45,1.48,8,29,48,65,Poor
88,3.56,79,93,65,92,Excellent
74,2.94,77,60,73,69,Good
48,2.6,49,48,45,55,Average
100,3.31,80,87,65,81,Excellent
100,3.23,86,78,72,75,Excellent
31,1.26,40,36,33,38,Poor
33,1.82,27,34,50,42,Poor
47,1.69,40,37,6,31,Poor
65,1.58,54,47,29,19,Poor
93,3.07,74,84,78,72,Excellent
50,1.52,30,47,32,37,Poor
74,3.59,86,82,85,100,Excellent
16,1.24,40,26,28,41,Poor
71,2.58,85,73,90,69,Good
81,2.3,65,59,69,26,Average
96,2.99,75,73,76,71,Good
80,2.52,53,60,46,68,Average
45,1.64,37,34,35,45,Average
73,3.09,69,84,41,73,Average
80,2.78,80,64,75,62,Excellent
42,1.62,36,43,55,33,Poor
87,3.13,83,96,83,89,Excellent
91,3.05,82,73,100,73,Excellent
66,2.11,54,51,49,52,Average
63,2.33,65,60,55,76,Average
86,3.61,94,81,100,83,Excellent
28,1.46,50,38,40,45,Poor
32,1.34,27,40,27,66,Poor
46,1.41,34,40,52,25,Poor
62,2.16,37,33,59,25,Poor
78,2.89,69,65,92,82,Good
46,1.85,34,39,35,51,Poor
48,3.11,62,73,49,69,Good
53,1.37,31,46,60,29,Poor
60,3.0,80,70,89,87,Good
42,1.4,21,42,33,44,Poor
37,1.66,53,49,27,45,Poor
84,3.6,100,91,89,91,Excellent
86,3.15,80,84,79,83,Excellent
43,1.72,42,32,21,31,Average
60,1.93,37,31,20,18,Poor
96,3.46,79,95,100,97,Excellent
57,2.6,67,58,31,64,Average
54,2.18,42,57,57,72,Average
46,1.85,27,37,59,34,Poor
60,2.6,61,56,55,61,Average
83,2.67,76,76,39,73,Good
36,1.95,29,31,33,36,Poor
76,2.88,68,77,52,95,Good
35,1.44,47,39,41,56,Poor
48,3.11,79,62,71,77,Good
78,3.07,73,69,60,58,Good
56,2.26,51,48,44,57,Average
66,2.43,74,65,83,68,Good
55,1.51,37,48,20,44,Poor
39,2.13,29,42,45,47,Poor
45,1.8,29,48,15,64,Poor
49,2.76,77,70,75,54,Good
95,3.77,88,87,70,78,Excellent
35,2.38,53,54,55,41,Average
88,3.1,71,69,60,60,Good
65,2.49,57,58,70,50,Average
57,2.19,53,61,57,64,Average
75,2.55,96,75,71,79,Good
44,1.71,49,34,31,42,Poor
5,2.08,41,33,19,36,Poor
76,2.71,71,73,45,84,Good
67,2.34,63,59,47,53,Good
52,1.48,32,43,15,17,Poor
53,1.46,30,33,51,28,Poor
50,2.08,60,46,43,93,Average
49,1.62,39,45,55,57,Poor
70,2.71,41,56,48,63,Average
66,3.23,67,65,65,89,Good
95,3.25,83,86,92,94,Excellent
63,1.98,45,60,36,64,Average
84,3.32,75,74,100,73,Excellent
48,1.43,30,35,57,27,Poor
100,3.53,85,86,86,84,Excellent
58,1.47,36,26,16,49,Poor
71,3.7,92,89,68,85,Excellent
92,3.96,83,84,83,82,Excellent
80,3.07,84,85,100,93,Excellent
56,1.54,35,45,61,57,Poor
48,2.34,48,63,77,66,Average
78,2.99,85,73,62,72,Good
82,3.24,93,89,85,90,Good
71,3.02,61,66,79,67,Good
42,1.68,45,35,56,53,Poor
70,3.03,76,80,45,66,Good
46,1.61,34,37,70,51,Poor
60,3.13,70,63,76,82,Good
82,3.52,91,68,93,76,Good
66,2.82,63,65,67,55,Good
87,3.05,57,69,100,80,Good
55,2.68,42,50,41,48,Average
43,1.27,44,42,26,50,Poor
88,3.63,80,85,80,77,Excellent
63,2.75,59,67,24,78,Good
69,3.09,72,71,68,61,Good
95,3.5,100,80,60,78,Excellent
56,2.31,52,57,72,57,Average
50,1.5,54,42,55,35,Poor
78,3.6,76,82,86,89,Excellent
56,0.92,17,41,44,35,Poor
62,2.25,53,57,32,58,Average
86,3.45,88,91,96,79,Excellent
61,1.8,31,46,40,37,Poor
57,2.75,74,75,68,85,Good
58,1.82,34,40,55,52,Average
96,3.3,93,94,89,100,Excellent
94,3.52,81,85,82,82,Excellent
74,3.18,65,72,68,80,Good
70,1.56,47,44,13,46,Poor
92,3.26,60,70,63,78,Good
64,2.97,81,78,69,68,Good
89,3.64,70,83,95,71,Excellent
76,3.05,83,67,66,67,Good
34,1.19,41,39,26,54,Poor
96,3.59,86,86,71,83,Excellent
58,2.34,50,46,39,75,Average
49,1.44,38,40,27,28,Poor
60,2.32,44,53,52,56,Average
99,3.4,70,83,100,96,Excellent
40,1.83,26,38,49,54,Poor
80,3.42,80,87,70,99,Excellent
54,3.27,65,68,41,92,Good
90,2.22,36,65,61,49,Average
98,3.52,89,80,74,81,Excellent
46,1.89,35,50,18,40,Poor
92,3.54,88,87,91,100,Excellent
64,3.01,79,89,41,80,Excellent
65,2.02,63,52,50,74,Average
69,3.05,76,78,96,78,Good
80,2.76,67,73,72,76,Good
57,1.33,33,41,54,40,Poor
75,3.26,100,80,65,99,Excellent
70,2.26,57,54,66,51,Average
49,1.83,36,24,40,51,Poor
100,3.59,97,88,65,71,Excellent
49,1.55,29,42,49,16,Poor
54,1.25,53,29,19,39,Poor
62,1.55,27,34,38,51,Poor
39,1.6,36,33,62,25,Average
86,2.43,72,61,41,54,Average
80,3.07,70,74,93,69,Good
45,2.23,45,56,63,70,Average
76,3.06,74,62,51,73,Good
100,3.42,87,92,61,66,Excellent
58,2.62,83,73,74,46,Good
63,2.73,61,75,60,70,Good
54,1.28,36,39,31,51,Poor
89,4.0,88,86,88,86,Excellent
72,2.97,80,79,75,84,Excellent
97,3.65,83,84,77,75,Excellent
66,1.78,49,60,46,73,Average
26,1.67,29,43,47,59,Poor
95,3.89,93,91,84,90,Excellent
73,3.13,63,80,98,72,Good
88,2.95,58,80,79,78,Good
34,1.8,50,44,51,36,Poor
34,1.74,49,44,45,25,Poor
21,1.48,45,35,25,68,Poor
61,1.96,60,54,45,58,Average
50,2.52,43,49,58,77,Average
50,2.83,67,68,87,86,Good
80,3.66,87,83,68,63,Excellent
78,3.32,84,88,75,100,Excellent
79,2.77,67,73,60,80,Good
61,2.14,61,56,39,47,Average
54,1.22,42,49,33,39,Poor
97,2.74,67,70,62,79,Good
45,1.35,40,47,34,44,Poor
60,1.31,30,27,59,39,Poor
65,3.73,70,95,78,84,Excellent
67,2.26,51,57,70,71,Average
70,2.38,46,49,30,60,Average
80,3.33,87,93,67,87,Excellent
75,3.25,71,63,93,76,Good
35,1.37,11,36,50,35,Poor
61,2.39,54,59,47,61,Average
60,3.47,100,91,83,83,Excellent
71,3.18,60,68,45,60,Good
91,3.15,88,91,52,90,Excellent
100,3.5,74,84,86,100,Excellent
51,2.11,51,54,42,49,Average
76,2.09,54,61,64,63,Average
91,2.84,85,77,66,51,Good
79,2.61,62,59,46,74,Good
47,1.71,42,30,49,46,Poor
77,2.46,68,50,57,60,Average
91,3.4,81,87,61,70,Excellent
43,1.37,31,40,28,39,Poor
76,2.94,71,69,100,88,Good
50,2.55,48,59,62,71,Average
82,3.56,89,87,82,72,Excellent
38,1.81,32,29,21,49,Poor
100,3.47,79,92,74,100,Excellent
42,1.28,32,26,65,31,Average
62,2.4,59,62,40,52,Average
60,2.13,58,67,68,64,Average
91,2.81,56,76,95,80,Good
66,3.35,66,76,39,86,Average
65,3.31,83,69,58,42,Good
46,0.97,43,39,35,42,Poor
73,3.4,75,70,46,77,Average
66,2.83,65,67,63,81,Good
84,2.92,82,72,62,87,Good
82,3.69,85,77,86,100,Excellent
100,3.62,72,83,99,100,Excellent
92,3.34,100,87,100,87,Excellent
63,2.34,40,64,54,56,Average
54,1.47,43,44,42,61,Poor
44,1.6,38,34,18,49,Poor
47,1.41,33,31,55,49,Poor
40,1.53,36,33,15,55,Poor
27,2.27,39,39,19,45,Poor
66,2.42,50,47,52,58,Average
83,2.82,43,80,80,52,Good
99,3.93,70,75,73,93,Excellent
34,1.43,33,35,26,66,Poor
87,2.72,66,68,73,68,Good
58,2.44,33,57,65,48,Average
67,3.18,44,71,46,66,Good
60,2.22,59,49,52,63,Average
68,2.29,64,55,58,58,Average
72,1.95,58,52,46,69,Average
44,2.31,48,60,38,49,Average
70,2.73,72,57,65,70,Good
100,3.44,97,95,98,81,Excellent
51,2.85,71,70,50,51,Good
58,2.44,56,66,36,68,Average
63,1.45,28,40,47,53,Poor
41,1.69,37,40,36,23,Poor
42,1.36,35,46,29,53,Poor
100,4.0,87,81,59,89,Excellent
82,2.65,80,75,57,70,Good
82,2.75,73,64,75,68,Good
79,3.37,77,80,100,100,Excellent
50,1.91,44,38,16,35,Poor
81,2.76,73,71,88,62,Good
61,2.41,43,64,74,50,Average
25,1.38,34,38,26,53,Poor
46,1.88,40,37,21,59,Poor
100,3.47,77,82,66,77,Excellent
93,3.81,72,82,79,77,Excellent
87,3.27,80,79,100,86,Excellent
42,1.31,48,35,25,21,Poor
84,3.76,98,90,90,90,Excellent
69,3.88,85,89,98,74,Excellent
62,2.92,59,76,47,69,Good
74,1.9,49,57,38,53,Average
81,2.58,67,74,76,89,Excellent
85,3.44,94,89,65,88,Excellent
54,1.88,40,47,42,39,Poor
41,2.28,54,60,53,56,Average
78,3.1,67,64,58,72,Good
67,2.84,64,64,55,69,Average
86,3.44,75,79,90,80,Excellent
48,1.26,34,34,41,46,Poor
64,1.84,51,47,72,57,Average
46,1.6,48,40,28,54,Poor
96,3.57,90,100,51,100,Excellent
47,2.66,64,56,55,55,Average
67,2.82,67,74,79,71,Good
51,1.31,39,42,9,29,Average
74,2.76,75,75,92,87,Good
83,3.41,88,89,86,90,Excellent
80,2.05,56,48,52,62,Average
49,1.63,42,45,32,32,Poor
79,3.12,63,68,59,78,Good
41,2.53,60,49,17,47,Average
100,3.67,80,89,100,97,Good
88,3.28,85,84,88,76,Excellent
96,3.66,84,88,99,96,Excellent
99,3.64,75,84,71,100,Excellent
40,1.85,42,38,30,37,Poor
92,3.35,93,88,95,93,Excellent
57,2.17,56,56,41,33,Average
65,3.21,78,69,77,55,Good
82,3.03,92,67,76,66,Good
62,3.03,62,78,100,62,Good
91,3.37,83,83,74,96,Excellent
84,3.76,74,93,85,82,Excellent
60,1.86,41,40,17,39,Poor
34,1.44,38,41,12,42,Average
56,2.04,57,57,84,51,Average
63,2.53,71,83,100,73,Good
91,3.46,85,84,80,88,Good
56,2.97,66,81,90,81,Good
54,2.3,56,60,52,60,Average
57,1.68,29,42,30,52,Poor
58,3.12,77,82,56,80,Good
91,3.6,79,87,87,78,Excellent
38,1.67,29,36,69,21,Poor
88,3.21,75,84,74,84,Excellent
48,2.29,25,33,15,39,Poor
90,3.84,75,93,100,85,Excellent
51,2.59,43,61,65,47,Average
51,2.86,79,70,95,77,Good
85,2.97,68,74,100,52,Good
54,2.2,51,51,61,74,Average
83,2.99,81,65,75,58,Good
51,2.0,57,55,85,58,Average
79,3.22,83,89,98,85,Excellent
75,3.16,89,68,66,69,Good
51,2.54,54,56,34,47,Average
63,2.22,38,56,65,69,Average
71,1.46,35,30,24,64,Poor
70,2.37,43,56,67,43,Average
62,2.25,53,51,66,59,Average
74,2.98,65,66,41,64,Good
54,2.03,43,65,66,78,Average
78,2.67,81,72,69,69,Good
58,1.29,52,37,21,51,Poor
72,3.7,86,77,78,77,Excellent
68,3.05,58,71,88,71,Good
64,3.06,86,71,73,83,Good
95,3.8,87,78,89,78,Excellent
95,2.98,69,71,61,84,Good
93,3.39,90,98,95,85,Good
78,1.2,32,30,38,28,Poor
76,2.11,59,64,44,64,Average
88,3.09,71,81,63,84,Good
62,2.42,63,61,49,56,Average
65,2.15,35,53,47,54,Average
92,3.3,77,93,65,100,Excellent
63,1.68,42,45,21,40,Poor
81,2.92,66,73,75,80,Excellent
99,3.5,91,80,59,95,Excellent
77,2.38,71,59,68,54,Average
51,1.75,24,29,36,63,Poor
80,3.47,81,81,83,84,Excellent
39,1.55,36,36,40,55,Poor
69,2.61,77,76,42,87,Good
65,3.11,84,64,63,85,Good
82,2.95,81,91,91,91,Excellent
58,2.04,25,46,14,30,Poor
52,1.33,27,44,43,46,Poor
82,2.73,70,71,61,72,Good
22,1.59,41,34,37,35,Poor
68,3.31,84,89,49,84,Excellent
84,2.77,68,74,38,44,Good
83,2.8,78,56,57,61,Good
50,1.61,46,42,15,33,Poor
64,2.27,68,38,60,66,Average
96,3.51,81,74,67,100,Excellent
90,2.87,68,81,76,77,Good
36,1.51,30,36,20,32,Poor
69,1.61,26,43,65,38,Poor
58,2.22,72,58,59,64,Average
52,1.94,47,41,53,22,Poor
58,2.34,65,61,64,45,Average
66,3.11,83,69,80,50,Good
100,3.23,77,73,83,78,Good
39,0.91,36,34,62,35,Poor
48,2.3,60,62,76,92,Average
91,2.95,59,72,52,77,Good
61,2.29,56,47,54,41,Average
36,1.48,29,42,25,32,Poor
78,2.45,66,57,40,57,Average
80,3.57,81,87,100,93,Excellent
81,2.88,69,71,55,72,Good
71,2.17,64,63,69,50,Average
36,1.77,42,48,42,48,Poor
100,3.76,68,78,73,86,Excellent
57,2.13,46,60,49,54,Average
54,1.78,36,29,55,34,Poor
49,2.32,55,55,58,58,Average
93,3.53,71,78,87,61,Excellent
87,3.72,81,76,100,100,Excellent
88,3.18,53,78,40,82,Good
69,2.99,74,71,40,76,Good
71,3.24,61,67,32,91,Good
50,1.98,54,37,21,39,Poor
96,3.59,69,80,81,87,Excellent
71,2.4,62,69,64,70,Average
69,3.82,76,82,74,100,Excellent
81,3.45,72,81,76,96,Excellent
49,1.37,13,40,34,35,Average
46,1.76,49,40,22,43,Poor
84,3.08,68,71,76,87,Good
30,1.62,49,36,18,41,Poor
90,3.34,82,81,99,86,Excellent
85,2.99,70,77,62,90,Good
55,1.6,32,37,9,40,Poor
86,3.28,84,86,80,78,Excellent
62,3.2,53,75,63,58,Good
49,1.58,35,45,26,49,Poor
63,2.49,42,45,43,79,Average
91,3.02,90,83,100,77,Excellent
58,2.46,48,51,55,71,Average
89,3.65,84,89,84,63,Excellent
68,2.16,53,53,30,48,Average
76,3.26,69,71,77,73,Good
69,2.92,73,61,44,65,Good
92,3.86,95,78,93,100,Excellent
53,2.48,54,53,61,50,Average
43,1.38,47,32,41,47,Poor
81,3.4,79,81,84,76,Excellent
67,3.33,84,78,65,73,Good
81,2.93,72,62,97,70,Good
52,2.94,81,71,79,76,Good
74,3.47,71,70,58,91,Good
48,1.38,34,44,15,18,Poor
43,0.78,38,36,21,46,Poor
91,2.72,72,72,65,88,Good
87,3.48,86,93,69,89,Good
53,2.25,67,56,59,51,Average
44,2.37,46,62,55,65,Average
100,3.29,77,91,59,79,Excellent
63,2.47,61,59,42,60,Average
73,2.79,49,82,79,78,Good
19,1.73,33,37,31,45,Poor
34,1.83,19,48,31,33,Poor
43,2.4,43,64,39,92,Average
42,1.39,18,51,29,55,Poor
69,3.01,58,71,85,47,Good
63,1.81,18,33,40,46,Poor
62,2.8,61,69,65,82,Good
73,2.4,66,55,20,63,Average
91,3.5,67,86,84,100,Excellent
70,1.87,60,56,65,69,Average
53,2.6,73,68,84,83,Good
27,1.6,31,44,14,36,Poor
56,2.5,56,61,47,73,Average
58,2.45,55,53,43,67,Average
84,3.0,48,72,87,78,Good
68,2.06,55,51,65,60,Average
58,1.95,28,39,46,60,Poor
58,2.84,80,72,78,91,Good
52,2.46,45,61,55,57,Average
76,3.58,90,93,100,74,Excellent
60,1.66,42,42,27,58,Poor
59,2.56,54,53,29,64,Poor
52,2.37,46,66,68,67,Average
91,3.38,62,85,100,97,Excellent
83,2.5,76,65,87,74,Good
57,2.68,79,77,74,52,Good
61,2.56,57,56,68,61,Average
63,2.42,64,54,55,43,Average
41,1.55,31,43,25,36,Average
39,1.6,46,26,32,58,Poor
58,2.38,48,57,64,50,Average
91,3.51,83,81,74,95,Excellent
65,2.46,53,70,42,54,Average
83,3.67,85,78,68,88,Excellent
73,2.87,67,63,72,72,Good
81,3.95,92,83,93,97,Excellent
62,2.31,52,63,47,61,Average
80,2.77,67,62,71,71,Good
71,2.42,51,72,77,76,Good
49,1.95,46,33,46,34,Poor
82,3.54,87,80,100,76,Excellent
95,3.16,95,80,77,89,Excellent
69,2.21,43,59,69,67,Average
77,3.35,50,74,100,75,Good
59,3.52,88,92,67,87,Excellent
100,3.46,88,83,55,89,Excellent
59,2.64,52,56,55,66,Average
57,2.0,35,38,70,55,Poor
52,1.08,47,47,29,45,Poor
76,2.76,62,69,95,100,Average
84,2.9,67,75,80,79,Good
94,3.6,87,84,88,83,Excellent
97,3.87,79,85,58,81,Excellent
59,2.25,62,60,58,23,Average
95,3.91,89,88,60,56,Excellent
67,2.53,59,67,77,63,Average
56,2.27,48,62,57,63,Average
62,3.19,60,66,54,81,Good
36,1.56,38,44,22,39,Poor
64,2.61,52,54,60,37,Average
61,2.78,96,66,47,81,Good
65,3.93,87,85,75,91,Excellent
63,1.93,45,51,42,42,Average
37,1.33,44,34,31,16,Poor
83,3.57,88,84,92,80,Excellent
28,1.61,39,40,32,45,Poor
38,2.04,24,32,31,41,Poor
59,1.43,22,39,14,70,Poor
31,1.82,40,41,62,35,Poor
82,3.25,78,84,77,70,Average
55,1.83,50,58,68,44,Average
75,2.25,41,53,49,64,Average
90,3.63,75,94,81,86,Excellent
74,2.2,51,59,75,63,Average
64,3.09,55,74,58,63,Excellent
37,1.95,48,42,64,68,Poor
83,3.22,84,83,38,100,Excellent
89,2.64,52,56,57,51,Average
54,1.59,45,36,32,50,Poor
45,0.94,23,39,45,45,Poor
95,2.89,57,70,84,62,Good
73,2.66,62,64,83,61,Average
73,2.85,67,78,63,56,Good
21,1.9,15,36,18,32,Poor
86,4.0,88,81,76,99,Excellent
69,3.63,68,79,51,85,Excellent
71,2.86,65,65,100,94,Good
92,3.57,92,83,91,83,Excellent
57,2.46,52,56,45,56,Average
100,3.51,78,77,55,68,Excellent
59,2.29,58,51,59,54,Average
62,2.09,47,60,72,61,Average
78,3.64,73,97,100,81,Excellent
62,1.71,50,40,23,35,Poor
63,3.05,54,69,63,91,Good
51,2.0,56,45,59,57,Average
47,2.18,71,59,14,72,Average
86,3.0,67,74,60,92,Good
95,3.4,100,82,94,89,Excellent
83,3.65,96,83,77,99,Excellent
55,1.73,41,33,24,45,Poor
48,2.79,65,61,50,49,Good
70,3.16,61,68,74,81,Average
45,1.77,7,35,36,40,Poor
71,2.98,80,63,38,65,Good
51,3.44,71,74,67,63,Good
62,2.24,62,63,29,51,Average
100,3.54,77,78,80,97,Excellent
55,2.65,62,71,52,76,Good
56,2.27,45,54,46,51,Average
61,2.46,68,57,49,35,Poor
60,2.69,45,56,28,62,Average
52,2.3,52,54,73,76,Average
81,3.01,76,72,50,84,Good
99,3.4,82,80,76,90,Excellent
54,2.01,50,44,42,47,Average
85,2.87,62,78,63,66,Good
74,3.11,80,68,38,72,Good
58,2.34,41,66,52,61,Average
77,3.34,71,83,98,92,Excellent
84,3.49,81,79,77,89,Excellent
86,3.57,93,89,85,90,Excellent
69,2.94,83,60,68,79,Good
78,2.28,46,57,44,51,Average
67,2.29,81,81,60,69,Good
76,2.71,64,61,67,98,Good
47,1.11,35,41,34,35,Poor
35,1.51,37,41,31,32,Poor
48,1.27,28,45,41,35,Poor
65,2.0,53,61,50,47,Average
77,3.51,77,79,87,88,Excellent
51,1.26,44,37,83,17,Poor
73,3.7,91,99,78,89,Excellent
79,3.15,78,65,58,84,Good
45,1.35,37,37,62,48,Poor
81,3.18,86,90,91,95,Excellent
54,2.72,40,71,51,73,Good
38,2.47,62,54,71,71,Average
41,1.62,33,38,29,31,Poor
97,3.23,87,94,58,88,Excellent
37,1.98,29,40,47,36,Poor
88,3.58,83,88,64,100,Excellent
69,2.91,63,65,73,57,Good
66,3.16,63,76,62,49,Good
31,1.57,32,42,46,55,Poor
61,1.94,18,38,59,75,Poor
93,3.19,93,79,91,93,Excellent
52,1.49,26,51,47,32,Poor
87,3.22,57,77,67,66,Good
61,3.18,86,82,87,70,Good
41,0.97,23,33,53,50,Average
43,2.65,55,59,78,64,Average
99,3.79,75,84,66,84,Excellent
81,3.45,98,71,100,90,Excellent
43,2.28,41,69,20,49,Average
76,2.89,84,63,56,90,Good
76,3.55,85,85,81,64,Excellent
96,3.67,76,93,75,95,Excellent
83,3.71,82,85,98,78,Excellent
98,3.62,79,97,65,97,Excellent
54,1.66,36,48,69,35,Poor
97,3.92,77,92,50,72,Excellent
48,1.72,39,32,55,51,Poor
69,3.02,63,72,45,79,Good
77,2.61,66,73,94,59,Good
83,2.2,51,54,42,50,Average
27,1.92,37,36,30,19,Poor
76,3.0,70,75,56,88,Excellent
45,1.53,36,54,41,49,Poor
74,3.01,59,79,59,53,Good
89,3.04,83,88,100,80,Excellent
76,3.15,69,67,79,80,Good
68,3.06,45,87,76,74,Good
38,1.37,41,32,53,57,Poor
86,3.59,84,93,53,88,Excellent
36,1.76,28,32,18,46,Poor
95,3.88,80,87,91,91,Excellent
52,1.65,33,39,57,41,Poor
28,1.48,19,34,46,48,Poor
40,1.5,34,37,24,44,Poor
64,2.98,65,79,88,82,Good
52,2.08,60,52,53,59,Average
59,2.35,51,57,43,73,Average
89,3.33,77,89,89,100,Excellent
71,2.48,59,54,30,56,Average
50,2.27,57,41,68,52,Average
60,1.95,50,58,32,71,Average
46,1.73,38,30,58,57,Poor
100,3.28,82,88,82,75,Good
86,3.88,86,84,74,82,Excellent
67,2.71,72,61,64,75,Good
34,1.23,27,33,42,36,Poor
92,3.1,88,84,73,93,Excellent
76,2.98,55,61,73,74,Good
85,3.9,90,84,94,82,Excellent
78,3.58,77,84,68,94,Excellent
63,1.97,53,52,35,61,Poor
70,3.89,84,83,68,67,Excellent
66,1.97,54,54,62,61,Average
81,3.8,98,83,70,91,Excellent
88,3.6,80,81,86,75,Excellent
64,1.52,32,42,44,40,Poor
49,1.65,40,34,21,42,Poor
70,3.07,64,68,60,88,Good
48,1.6,23,40,64,42,Poor
46,1.39,56,47,25,41,Poor
82,2.72,52,45,16,51,Average
84,3.8,75,90,92,82,Excellent
66,2.93,64,76,64,74,Good
50,2.42,68,60,66,52,Average
52,1.4,41,40,35,36,Poor
59,1.73,30,35,25,56,Poor
21,1.39,46,38,54,35,Average
43,2.46,44,54,74,42,Average
31,1.6,48,27,49,58,Poor
76,2.84,77,92,91,83,Excellent
94,2.44,63,71,90,53,Excellent
62,2.58,74,61,81,51,Average
95,3.87,74,86,75,68,Excellent
63,3.01,65,74,67,73,Good
79,2.53,65,70,72,86,Good
62,2.26,49,50,69,58,Average
81,3.45,91,72,9,86,Good
38,2.05,39,43,34,39,Poor
90,3.45,86,85,94,97,Excellent
59,2.47,70,58,62,62,Average
61,2.13,63,53,32,49,Average
79,2.94,57,68,64,54,Good
46,1.82,44,40,45,57,Poor
50,1.57,42,36,26,35,Poor
34,1.68,30,29,22,33,Poor
47,2.24,37,38,48,42,Poor
47,1.84,33,32,35,44,Poor
100,3.26,85,94,82,91,Excellent
78,3.68,95,75,65,62,Excellent
49,1.51,68,50,46,41,Good
70,3.14,81,74,63,72,Good
81,3.89,80,76,66,100,Excellent
86,3.43,96,82,84,87,Excellent
57,2.25,45,62,36,56,Average
61,2.2,51,56,53,67,Average
67,3.31,81,97,92,71,Excellent
51,2.65,61,59,71,35,Poor
52,2.16,35,52,43,56,Good
17,1.38,33,41,11,31,Poor
12,1.9,39,42,30,22,Poor
37,1.9,28,47,61,19,Poor
83,3.01,82,72,55,70,Good
70,2.56,45,53,44,88,Average
82,3.19,84,100,71,100,Excellent
100,3.75,90,92,70,90,Excellent
54,1.85,44,44,25,40,Poor
75,3.55,98,88,74,91,Excellent
70,2.7,52,66,70,89,Good
60,2.43,63,73,70,74,Good
100,3.26,91,93,56,90,Excellent
65,1.8,51,57,53,50,Average
37,1.98,43,33,36,71,Poor
26,1.66,43,21,40,37,Poor
97,3.37,80,79,90,95,Excellent
94,3.29,86,78,74,90,Excellent
72,2.61,79,79,38,83,Good
92,3.87,93,80,100,90,Excellent
92,3.58,83,81,99,100,Excellent
42,1.61,48,44,55,50,Poor
100,3.25,99,92,87,100,Excellent
73,2.86,82,65,75,56,Good
82,3.28,79,79,84,77,Excellent
89,2.8,83,76,100,95,Excellent
65,2.59,60,45,72,60,Average
28,1.4,43,54,6,40,Poor
71,2.85,65,74,45,87,Good
56,2.45,56,59,40,48,Average
93,2.86,62,76,61,62,Good
63,2.99,82,66,84,67,Good
73,2.17,46,68,45,60,Average
72,2.91,56,78,83,81,Good
65,2.04,57,55,56,50,Average
79,3.19,94,97,62,93,Excellent
52,1.49,36,36,48,59,Poor
54,2.1,40,62,49,44,Average
97,3.3,98,78,92,100,Excellent
66,3.14,56,78,60,67,Good
67,2.2,57,59,37,60,Average
87,2.71,68,54,89,62,Average
49,1.75,31,40,32,40,Poor
58,2.05,75,45,41,51,Poor
61,2.81,73,65,45,47,Good
48,1.58,33,33,60,32,Poor
82,3.02,68,70,81,78,Good
64,3.01,68,65,91,65,Good
77,3.69,87,83,63,96,Excellent
66,1.85,38,39,58,49,Poor
58,2.9,68,75,71,58,Good
36,1.63,45,44,29,46,Poor
67,2.46,48,44,58,59,Average
53,1.71,39,43,37,53,Poor
34,1.5,31,37,26,24,Poor
48,1.73,41,41,77,41,Poor
49,2.1,59,62,42,43,Average
69,3.18,77,72,60,56,Good
56,1.98,46,38,46,27,Average
92,3.47,100,95,76,84,Good
53,1.5,49,43,39,45,Poor
82,3.38,82,72,60,100,Excellent
57,1.42,33,44,20,43,Poor
81,2.84,71,72,54,71,Good
73,3.23,73,72,59,65,Good
56,2.32,54,50,33,46,Average
26,1.89,27,36,56,23,Poor
28,1.99,41,36,36,48,Poor
69,3.36,96,80,76,91,Excellent
63,2.96,65,63,87,66,Good
81,2.5,47,59,54,63,Average
38,1.8,15,29,34,60,Poor
94,3.42,71,85,100,68,Excellent
46,1.99,54,58,46,52,Average
85,3.07,81,80,74,84,Excellent
44,2.17,44,37,24,31,Poor
59,2.64,82,76,52,79,Good
96,3.58,94,88,74,90,Excellent
100,3.23,100,89,72,85,Excellent
64,2.2,59,65,63,67,Average
34,2.59,55,59,39,49,Average
35,1.38,34,33,61,63,Poor
70,1.91,40,57,44,51,Average
71,3.25,62,73,58,69,Good
49,2.55,50,55,62,79,Average
76,2.62,65,77,52,43,Good
70,2.38,53,51,58,66,Average
48,2.09,61,55,76,64,Good
76,3.18,100,81,68,61,Excellent
46,2.43,59,56,48,69,Average
62,1.79,45,62,59,78,Average
65,3.1,63,71,90,64,Good
85,3.59,85,83,74,90,Excellent
70,3.19,66,84,75,57,Good
46,2.02,40,24,52,25,Poor
65,3.37,97,86,68,80,Excellent
87,3.05,61,67,70,45,Good
61,2.13,49,56,89,61,Average
58,2.44,50,66,32,73,Average
65,2.55,64,55,62,54,Average
91,3.85,89,93,90,100,Excellent
69,3.44,62,85,69,56,Good
34,1.16,17,29,57,42,Average
43,1.66,27,37,44,38,Poor
100,3.31,100,76,90,92,Excellent
33,1.34,34,42,38,35,Poor
53,1.21,48,34,17,50,Poor
74,3.58,81,79,75,74,Good
51,1.54,49,36,31,50,Poor
98,3.42,92,100,81,91,Excellent
36,1.03,37,33,24,38,Poor
79,3.15,74,75,44,73,Good
84,3.7,88,88,90,68,Excellent
69,3.01,61,80,58,85,Good
60,2.38,50,53,73,64,Average
61,2.43,65,47,48,63,Average
67,1.76,43,39,28,51,Poor
36,1.49,31,42,41,50,Poor
42,2.02,37,52,41,40,Average
34,2.66,64,59,81,47,Average
48,1.46,52,47,46,28,Poor
68,2.88,67,68,87,77,Good
85,3.32,100,85,85,92,Excellent
68,3.27,99,97,81,72,Excellent
69,3.08,68,71,74,65,Good
79,3.28,82,76,78,92,Good
43,1.43,42,44,35,45,Poor
70,3.46,69,79,62,80,Good
25,1.66,37,29,43,36,Poor
71,3.07,100,88,70,92,Excellent
78,3.36,78,91,97,91,Excellent
69,2.61,65,76,89,73,Good
55,2.03,63,59,65,38,Average
49,1.28,37,42,33,48,Poor
60,2.77,75,72,82,74,Good
91,3.21,75,92,82,94,Excellent
68,2.5,55,66,55,42,Average
52,2.53,62,58,42,56,Average
93,3.67,100,79,90,75,Excellent
34,2.02,38,38,23,56,Poor
59,2.3,78,58,21,52,Average
49,1.37,50,41,52,46,Poor
62,3.03,76,76,56,61,Excellent
73,3.48,90,97,94,83,Excellent
46,2.45,36,55,69,52,Average
93,2.83,54,77,94,77,Good
46,1.77,42,35,35,36,Average
81,3.5,89,89,56,98,Excellent
88,3.28,92,83,80,74,Excellent
94,3.47,89,82,84,84,Excellent
46,1.61,20,40,54,55,Poor
62,1.88,45,43,16,50,Poor
96,2.56,65,72,85,77,Good
63,2.14,46,61,49,57,Average
78,2.63,68,74,88,80,Good
67,2.25,36,50,66,26,Average
79,3.13,71,74,69,80,Good
54,2.38,41,60,46,68,Average
69,2.55,74,80,72,62,Good
79,3.38,80,88,100,78,Excellent
44,1.26,25,38,30,27,Poor
83,3.87,88,88,93,73,Excellent
61,2.27,57,57,58,54,Average
39,1.71,31,42,25,63,Poor
57,1.47,27,39,16,34,Poor
67,2.2,64,50,33,80,Average
65,3.08,77,68,45,72,Good
52,2.47,69,61,68,57,Average
50,2.44,52,44,79,53,Average
32,1.7,38,39,49,43,Poor
56,1.74,44,45,40,40,Poor
70,3.43,55,64,67,98,Good
41,1.61,29,30,35,62,Poor
82,3.55,100,83,67,100,Excellent
69,3.21,89,75,69,72,Good
82,3.02,74,71,95,55,Good
84,2.82,52,84,53,60,Good
39,2.71,59,56,66,41,Average
95,3.13,81,93,84,74,Excellent
82,2.82,98,66,54,65,Good
37,1.63,49,36,49,25,Poor
74,3.21,69,57,66,84,Good
76,2.35,49,54,77,55,Average
58,2.03,54,50,23,66,Average
67,3.09,70,76,72,78,Good
66,2.88,85,72,57,62,Good
100,3.67,66,87,73,96,Excellent
48,1.82,42,42,44,29,Poor
100,3.57,79,83,78,91,Good
71,3.09,73,83,45,71,Excellent
100,3.75,76,79,88,76,Excellent
64,2.14,61,53,74,57,Average
64,1.38,34,35,28,44,Average
45,1.94,52,55,65,67,Average
78,3.64,85,74,93,95,Excellent
36,1.84,31,41,66,41,Poor
73,2.53,64,57,42,42,Average
82,2.92,64,76,74,63,Good
71,3.28,78,54,53,83,Good
80,3.21,94,73,100,100,Excellent
86,3.79,91,68,93,88,Excellent
67,2.13,49,60,39,54,Average
76,3.23,65,77,43,62,Good
54,2.43,42,57,61,56,Average
71,2.81,84,68,52,80,Good
87,3.79,88,89,92,91,Excellent
76,2.59,45,62,42,36,Average
54,2.25,36,59,35,59,Average
30,1.63,30,40,53,60,Poor
90,3.52,86,81,83,92,Excellent
73,2.87,78,65,56,73,Good
58,2.36,44,64,9,57,Average
49,1.53,54,29,2,34,Poor
63,2.87,83,77,66,76,Excellent
34,1.67,26,41,18,38,Poor
45,1.62,18,36,26,34,Poor
69,2.21,54,58,25,65,Average
62,2.75,82,73,60,78,Good
92,3.49,86,90,70,100,Excellent
96,3.81,84,85,70,76,Excellent
61,3.36,89,80,84,91,Excellent
68,2.73,68,67,62,76,Good
64,2.39,70,55,58,48,Average
58,1.22,47,42,27,31,Poor
32,1.7,37,37,64,31,Poor
68,2.61,45,54,64,63,Average
47,1.44,46,45,53,43,Poor
62,1.61,33,36,13,27,Poor
85,3.04,61,64,70,70,Good
57,2.7,79,74,66,66,Good
55,1.58,20,36,33,51,Poor
55,2.25,53,59,46,53,Average
67,2.77,80,75,44,66,Good
50,1.34,30,35,27,60,Average
51,2.42,50,55,71,73,Average
42,1.77,47,37,59,60,Poor
91,3.16,63,70,70,64,Good
37,1.85,40,45,19,54,Average
67,2.36,44,47,76,74,Average
59,3.18,67,64,89,96,Good
62,2.3,53,47,82,47,Average
67,2.43,67,44,62,69,Average
61,2.36,53,56,43,49,Average
76,2.46,62,60,72,45,Average
28,1.28,39,46,37,44,Poor
21,2.08,31,32,32,60,Average
50,1.95,61,65,45,45,Average
51,2.07,54,62,47,32,Average
91,2.48,58,80,64,64,Good
74,3.12,58,68,75,96,Good
30,1.33,31,35,46,45,Poor
69,2.42,68,53,78,48,Average
98,3.77,68,80,60,78,Excellent
83,3.19,88,86,91,80,Excellent
60,2.91,71,62,73,60,Good
73,3.64,100,89,87,86,Excellent
74,3.47,77,86,100,81,Excellent
81,3.08,90,94,81,97,Excellent
86,3.33,72,82,82,100,Excellent
100,3.54,88,84,87,82,Excellent
41,2.61,67,48,75,62,Average
80,3.18,79,78,58,69,Good
61,2.87,80,75,78,74,Good
91,3.06,69,83,67,90,Excellent
100,3.43,85,79,100,100,Excellent
40,1.95,41,36,54,47,Poor
99,4.0,89,83,83,66,Excellent
53,1.63,57,39,28,73,Poor
33,1.39,43,50,37,33,Poor
63,3.05,68,76,67,55,Good
76,2.82,89,91,47,74,Excellent
98,3.42,60,87,90,91,Excellent
49,2.37,50,59,51,59,Average
87,2.91,63,78,86,59,Excellent
83,3.83,86,91,90,76,Excellent
88,3.59,100,84,87,80,Excellent
52,1.54,38,36,27,58,Poor
82,3.66,100,88,65,91,Excellent
59,1.63,27,34,24,41,Poor
80,3.46,96,87,75,92,Excellent
32,1.55,39,33,23,40,Poor
43,1.38,44,41,28,30,Poor
53,1.51,28,41,50,44,Poor
57,1.45,39,39,20,53,Poor
56,1.81,51,27,50,49,Poor
43,1.74,25,48,23,20,Poor
42,1.74,8,38,48,54,Poor
71,2.04,48,61,68,43,Average
96,3.39,77,86,80,81,Excellent
74,3.69,79,96,100,77,Excellent
86,3.31,93,90,69,100,Excellent
65,2.85,73,72,76,56,Good
89,3.4,68,73,86,79,Excellent
87,3.71,92,76,100,67,Excellent
56,1.92,52,54,57,51,Average
54,2.88,70,73,69,61,Good
85,2.68,60,76,67,67,Good
74,3.17,92,64,66,58,Good
43,1.11,42,45,30,40,Poor
89,3.75,78,84,77,69,Excellent
67,2.43,38,65,60,67,Average
82,3.74,100,84,93,73,Excellent
71,3.0,65,66,41,60,Good
36,1.93,22,41,46,33,Poor
66,2.75,49,70,65,80,Good
74,2.26,56,55,71,55,Average
73,1.97,59,46,39,44,Average
40,1.11,32,32,32,39,Poor
65,2.48,59,45,67,69,Average
54,1.8,34,29,40,31,Poor
100,3.52,83,84,80,100,Excellent
42,1.24,57,36,30,44,Average
96,3.53,92,86,84,63,Excellent
79,2.93,82,74,64,62,Good
71,2.47,61,59,83,59,Average
66,2.92,88,71,85,72,Good
62,2.35,58,54,72,36,Average
41,2.43,48,49,35,63,Average
65,2.9,60,83,94,62,Good
95,3.25,100,79,88,77,Excellent
99,3.48,100,100,80,85,Excellent
49,1.9,60,65,36,76,Average
84,3.05,80,74,70,52,Good
58,3.24,76,62,100,71,Good
40,1.41,25,36,23,42,Poor
37,1.33,35,44,14,59,Poor
95,3.32,100,88,100,84,Excellent
48,1.88,53,66,50,62,Average
68,3.16,82,79,56,59,Good
74,3.72,93,79,96,100,Excellent
89,2.98,78,79,73,65,Good
79,3.0,58,70,82,72,Good
100,3.38,67,92,73,95,Excellent
53,1.9,63,64,76,60,Average
54,1.56,35,41,59,43,Poor
87,3.21,87,81,49,100,Excellent
66,2.38,49,47,100,56,Average
90,3.44,91,90,88,76,Excellent
72,3.2,70,75,63,60,Good
51,2.31,58,57,59,63,Average
98,3.57,88,79,70,100,Excellent
78,2.5,59,60,74,70,Average
91,3.73,86,92,75,100,Excellent
31,0.97,29,29,59,63,Poor
95,3.39,94,83,71,77,Excellent
67,3.57,85,81,93,97,Excellent
96,3.62,90,83,50,99,Excellent
42,1.64,27,36,38,43,Poor
68,3.38,58,81,66,75,Good
60,2.28,45,59,51,52,Average
44,1.76,41,29,15,38,Poor
99,3.45,92,84,82,92,Excellent
72,3.18,64,72,56,76,Good
44,1.31,30,35,40,62,Poor
64,2.04,45,57,62,36,Average
19,2.01,39,42,41,49,Poor
57,2.6,63,58,29,57,Average
46,1.26,25,48,26,31,Poor
65,2.3,45,59,85,54,Average
34,1.8,29,32,44,56,Poor
78,2.98,79,77,68,62,Good
94,3.39,81,80,83,76,Excellent
75,2.62,54,57,69,41,Average
74,3.24,64,74,81,61,Good
51,2.7,52,50,47,43,Average
36,2.03,36,34,54,43,Poor
37,1.45,36,36,13,37,Poor
58,2.49,58,49,51,54,Average
67,2.46,74,81,59,77,Good
53,2.08,49,69,46,69,Average
90,3.4,93,80,90,92,Excellent
92,4.0,85,91,84,85,Excellent
65,2.21,78,55,48,49,Average
55,2.12,52,53,60,63,Average
18,1.58,15,42,28,17,Poor
60,1.64,25,44,55,43,Average
66,2.23,50,68,29,67,Average
74,2.26,55,58,100,74,Average
51,2.15,59,55,51,73,Average
37,1.59,39,49,28,51,Poor
56,2.68,76,76,62,60,Good
70,3.07,75,80,67,76,Good
67,2.33,48,59,60,71,Average
76,3.62,83,92,100,100,Excellent
63,2.6,59,56,62,63,Average
67,2.94,75,68,40,67,Good
80,3.22,68,95,93,85,Excellent
58,2.51,57,63,57,43,Average
56,2.52,54,55,33,67,Average
88,3.55,91,80,79,67,Excellent
85,3.16,83,84,42,85,Excellent
47,2.2,60,59,56,69,Average
66,2.09,59,62,71,81,Average
55,1.43,24,37,35,31,Poor
61,1.92,49,59,59,72,Average
70,2.35,43,41,46,57,Average
51,1.98,62,58,58,54,Average
51,2.28,57,66,32,64,Average
66,2.39,66,52,30,57,Poor
49,1.64,43,41,47,58,Poor
35,1.44,48,33,38,33,Poor
64,1.68,34,43,49,61,Poor
62,2.59,56,47,74,47,Average
88,3.93,79,87,72,71,Excellent
73,3.26,66,85,74,75,Good
85,3.69,99,86,100,70,Excellent
72,2.35,60,46,58,49,Average
71,1.61,39,31,8,33,Poor
64,1.36,34,31,15,60,Poor
39,2.12,43,40,57,45,Poor
82,3.85,81,88,85,61,Excellent
76,1.95,48,61,62,45,Average
59,2.19,52,58,49,57,Average
56,2.31,51,56,42,71,Average
75,2.18,73,68,50,51,Average
38,1.58,43,47,50,34,Poor
89,3.39,69,74,53,70,Good
77,2.68,59,74,47,66,Good
61,1.91,30,21,33,39,Poor
39,1.62,34,40,46,29,Poor
62,2.44,57,52,42,41,Average
66,2.54,44,47,54,59,Average
37,1.92,40,27,25,21,Poor
94,3.28,85,85,86,82,Excellent
54,2.81,73,76,66,71,Good
56,2.75,42,57,52,57,Average
64,1.77,37,61,44,47,Average
52,2.43,65,55,83,59,Average
95,4.0,87,87,76,76,Excellent
92,3.45,70,69,65,80,Good
34,1.84,35,35,22,56,Poor
71,3.68,96,97,96,99,Excellent
69,2.77,83,68,56,73,Good
63,1.18,39,51,38,28,Poor
60,2.51,60,56,59,58,Average
41,1.36,48,46,22,40,Poor
44,2.06,65,59,43,72,Poor
62,2.26,66,58,39,50,Average
54,1.96,48,57,62,60,Average
94,3.79,93,89,99,100,Excellent
39,1.45,32,29,37,51,Poor
73,2.22,60,61,22,53,Average
64,2.34,54,52,51,52,Average
76,3.2,59,66,38,66,Excellent
89,3.34,94,85,91,80,Excellent
77,2.75,65,80,81,74,Good
45,2.7,47,55,57,51,Average
72,3.15,62,69,37,57,Good
54,1.84,30,43,66,34,Poor
54,1.75,34,42,50,61,Poor
61,2.17,45,56,61,54,Average
53,1.42,38,39,47,52,Poor
49,1.73,40,39,47,14,Poor
93,2.84,77,79,79,80,Excellent
72,2.58,72,53,41,67,Average
30,1.68,29,31,29,54,Poor
86,2.95,68,71,88,63,Good
75,3.41,71,79,61,68,Good
69,2.28,49,62,60,49,Average
67,2.8,71,70,79,65,Good
100,3.52,95,94,72,80,Excellent
74,2.36,62,55,93,51,Average
66,1.89,47,36,40,27,Poor
74,2.11,63,67,71,59,Average
89,3.37,92,88,97,93,Excellent
90,3.56,79,87,74,81,Excellent
46,2.51,54,63,59,58,Average
96,2.99,57,68,61,60,Good
100,3.63,74,90,68,95,Excellent
70,2.42,49,56,43,60,Average
52,2.47,60,58,72,52,Average
74,1.98,67,55,58,52,Average
78,3.91,80,79,80,100,Excellent
75,2.14,61,57,27,47,Average
96,3.04,85,69,56,72,Good
71,2.94,88,76,92,79,Good
63,2.33,59,56,52,72,Average
72,2.73,83,78,59,78,Good
89,3.25,88,89,100,98,Good
51,2.1,57,48,67,52,Average
43,1.82,32,43,47,39,Poor
62,3.04,93,77,55,85,Good
83,3.36,100,88,64,97,Excellent
58,2.05,36,55,57,71,Average
58,2.4,50,51,61,56,Poor
66,1.49,28,31,39,48,Poor
65,1.9,40,56,52,62,Average
55,1.78,43,45,35,20,Poor
74,2.26,65,63,59,64,Average
90,3.61,85,73,85,100,Excellent
84,2.8,68,80,92,90,Good
85,3.34,77,81,82,90,Excellent
84,3.18,85,91,69,100,Excellent
52,1.75,49,32,38,49,Poor
40,1.39,39,37,41,64,Poor
100,3.26,77,82,75,74,Excellent
82,3.35,73,84,45,59,Good
79,3.36,85,60,77,70,Good
59,1.62,33,45,19,39,Poor
83,3.47,78,78,98,76,Good
84,3.23,69,71,71,59,Good
89,3.58,99,89,91,98,Excellent
94,3.61,100,86,65,91,Excellent
83,3.37,90,84,81,95,Excellent
40,1.39,47,32,25,49,Poor
60,2.87,70,61,89,74,Good
72,2.85,74,67,50,73,Good
88,3.49,97,80,71,98,Excellent
81,3.51,75,71,86,93,Excellent
38,1.42,37,35,57,56,Average
77,2.6,61,56,52,67,Average
80,3.47,88,95,96,84,Excellent
91,3.31,87,94,92,81,Excellent
75,2.5,71,77,61,91,Good
59,1.95,64,65,66,56,Poor
92,4.0,68,86,93,87,Excellent
69,3.01,76,77,60,75,Good
94,3.34,71,82,66,69,Good
52,1.25,34,41,32,40,Poor
39,1.56,32,33,47,39,Poor
52,1.89,43,56,42,60,Average
66,3.12,90,66,63,75,Good
45,1.32,33,37,15,32,Poor
63,2.83,65,85,26,70,Good
72,3.11,79,72,56,51,Good
32,1.21,29,44,55,31,Poor
65,2.77,68,50,57,62,Good
35,1.46,32,33,9,55,Poor
34,1.17,38,38,13,41,Poor
65,2.08,60,54,70,74,Average
63,1.52,9,37,38,12,Poor
86,2.48,38,52,64,72,Average
74,2.54,70,82,70,69,Good
50,1.64,34,46,15,35,Average
100,3.44,99,86,55,96,Excellent
37,1.96,46,49,64,25,Poor
94,2.96,62,65,85,65,Good
91,3.83,97,89,96,92,Excellent
55,2.38,50,54,70,59,Average
52,1.57,24,26,19,70,Poor
58,2.34,57,49,83,53,Average
91,3.46,96,87,53,73,Excellent
81,3.26,100,91,83,100,Excellent
40,1.84,31,44,68,30,Poor
67,2.87,89,70,74,78,Good
49,1.52,48,36,52,38,Poor
48,3.13,71,75,57,68,Good
81,2.94,78,67,41,66,Good
47,2.39,59,49,50,54,Average
53,1.47,28,34,14,42,Poor
86,3.0,72,70,57,76,Good
92,3.43,85,94,86,87,Excellent
35,1.41,39,44,21,35,Poor
81,3.34,57,72,43,69,Good
88,3.43,96,92,71,91,Good
90,3.05,72,87,94,88,Excellent
89,2.79,69,66,68,55,Excellent
91,3.22,66,75,68,86,Good
87,3.72,84,84,91,96,Excellent
85,3.28,64,70,52,70,Good
98,3.39,84,82,100,82,Excellent
99,3.58,83,85,82,86,Excellent
88,3.24,99,91,80,86,Excellent
53,2.47,54,55,56,53,Average
90,3.53,82,95,70,100,Excellent
99,3.41,91,85,88,73,Excellent
70,2.4,43,71,31,69,Average
67,3.17,62,83,98,75,Good
83,3.14,59,76,91,94,Good
48,2.3,46,57,39,58,Average
60,2.9,74,76,72,64,Good
20,1.67,39,38,34,12,Poor
67,2.67,52,49,51,32,Average
50,2.9,72,65,51,79,Good
45,2.05,56,52,100,64,Good
83,2.54,78,77,83,86,Good
62,2.36,55,54,66,59,Average
62,2.05,48,63,51,62,Average
82,2.74,63,69,34,76,Good
83,3.47,84,86,84,74,Excellent
36,1.0,37,44,52,32,Poor
43,1.53,27,40,71,36,Poor
24,1.28,37,32,0,58,Poor
47,1.52,33,32,37,33,Poor
94,3.67,90,87,80,84,Excellent
71,2.31,46,54,78,57,Average
94,3.77,79,91,66,96,Good
46,2.5,53,54,33,29,Average
58,2.52,52,70,54,70,Average
30,1.66,30,39,52,67,Poor
73,3.09,64,72,79,100,Good
51,1.66,50,36,43,51,Poor
64,2.34,49,56,41,57,Average
95,3.13,74,66,77,64,Good
77,3.31,58,79,100,68,Good
59,1.26,44,34,27,37,Poor
74,2.97,81,82,58,81,Good
45,1.76,50,45,53,44,Poor
93,3.29,86,91,57,92,Excellent
68,2.83,73,78,59,62,Good
48,1.57,41,31,61,64,Poor
78,2.92,69,70,63,78,Good
68,2.84,77,71,58,91,Good
72,2.65,75,60,37,81,Good
38,2.11,59,60,42,54,Average
77,3.23,96,91,93,93,Excellent
57,2.03,21,33,59,20,Poor
76,2.95,85,63,48,53,Good
54,2.31,65,51,67,49,Average
39,1.74,43,39,36,31,Poor
65,2.27,67,58,29,32,Average
76,1.92,54,52,47,63,Average
84,2.88,58,80,67,92,Good
98,3.82,92,79,75,92,Excellent
50,1.42,37,33,3,54,Poor
81,2.97,53,67,78,74,Good
93,3.15,95,83,82,100,Excellent
37,1.75,44,38,15,47,Poor
78,3.31,71,78,100,79,Good
71,2.47,71,72,67,83,Good
84,3.03,75,74,93,75,Good
100,3.9,91,81,82,84,Excellent
81,2.75,71,60,90,66,Good
84,3.33,83,88,100,88,Excellent
100,3.02,66,59,89,56,Good
56,3.15,78,74,51,88,Good
43,1.46,46,35,35,48,Poor
100,3.49,64,91,75,85,Excellent
65,1.51,36,47,31,28,Poor
97,3.46,85,77,78,85,Excellent
70,3.22,85,76,58,66,Good
57,2.59,49,67,75,53,Average
87,3.38,80,90,75,85,Excellent
93,3.5,77,77,76,96,Excellent
67,2.78,58,73,51,58,Good
96,3.57,89,82,58,92,Excellent
85,3.02,63,83,69,60,Good
54,2.27,31,49,42,72,Average
52,1.56,54,40,30,39,Poor
79,3.2,68,89,66,61,Excellent
92,3.06,82,63,87,98,Good
60,2.82,57,85,68,71,Excellent
37,1.43,45,32,53,46,Poor
65,2.0,53,56,72,50,Average
65,4.0,95,87,82,89,Excellent
76,3.12,68,78,72,100,Excellent
72,3.2,84,69,57,74,Good
67,2.12,62,64,64,56,Average
92,2.98,44,74,63,71,Good
31,1.71,33,42,55,38,Poor
88,3.52,82,87,96,76,Excellent
58,2.3,44,57,26,70,Average
83,3.77,91,97,92,82,Excellent
38,1.36,48,36,49,48,Poor
28,1.54,28,41,48,30,Poor
65,2.79,61,83,76,61,Good
75,2.78,53,68,47,92,Good
100,2.89,75,68,73,69,Good
58,2.63,71,70,47,69,Good
50,1.79,38,35,31,42,Poor
57,2.36,33,56,26,44,Average
82,3.97,71,73,90,80,Excellent
70,3.41,66,91,51,86,Excellent
91,3.07,100,94,77,73,Excellent
76,3.21,75,67,100,74,Good
41,1.57,29,32,40,32,Poor
43,1.76,42,30,59,26,Poor
88,3.8,90,84,95,53,Excellent
57,1.46,27,38,34,35,Poor
68,2.47,72,56,59,47,Average
55,1.87,52,53,44,63,Average
44,1.57,31,48,41,43,Average
62,2.53,80,58,65,100,Good
91,3.71,73,78,91,89,Good
54,1.8,37,32,27,49,Poor
49,1.74,34,41,32,50,Poor
50,2.24,56,54,48,63,Average
35,1.69,32,42,59,12,Poor
64,2.82,66,63,55,59,Good
42,1.41,36,34,20,48,Poor
65,3.04,63,77,70,75,Good
55,1.4,39,35,33,44,Poor
72,2.26,53,47,48,46,Average
95,3.81,84,83,83,93,Excellent
26,1.38,38,38,28,44,Poor
38,1.75,44,37,15,40,Poor
70,2.39,48,64,31,57,Average
65,1.8,55,49,55,45,Average
85,3.95,87,89,93,91,Excellent
50,2.34,61,52,69,62,Average
65,2.08,56,57,49,68,Average
55,1.67,35,44,21,39,Poor
58,2.76,48,57,56,45,Average
100,3.68,84,79,80,76,Excellent
65,2.78,62,55,52,52,Average
37,2.33,57,57,6,43,Average
72,2.87,74,71,63,51,Good
49,2.17,43,45,68,43,Average
41,1.52,23,35,43,39,Poor
85,3.71,97,94,74,84,Excellent
67,3.25,65,74,71,89,Good
44,1.33,31,48,19,49,Average
57,2.53,57,66,70,53,Good
92,3.17,63,85,73,62,Good
100,2.89,80,81,71,62,Good
73,2.86,100,77,74,69,Good
80,3.97,85,91,74,90,Excellent
54,2.02,46,57,32,49,Average
81,3.37,80,73,60,42,Good
84,3.37,92,85,73,100,Excellent
93,3.88,100,84,91,93,Excellent
80,2.31,60,50,64,52,Average
71,2.5,44,49,41,69,Average
80,2.9,71,70,45,75,Good
93,3.2,63,64,62,77,Good
59,2.59,74,78,44,85,Good
37,1.88,31,45,43,43,Poor
61,1.66,35,33,67,48,Poor
61,1.99,51,64,57,58,Average
42,1.13,26,43,66,46,Poor
68,1.8,39,62,29,63,Average
96,2.47,51,61,50,68,Average
67,3.18,79,80,55,78,Good
36,2.01,49,56,50,57,Average
76,2.8,55,76,64,78,Good
65,2.96,76,62,75,60,Good
52,2.22,40,57,71,60,Average
88,3.23,58,80,63,79,Good
47,1.44,50,31,40,45,Poor
28,1.64,34,45,52,57,Poor
61,3.1,80,76,100,66,Good
22,1.08,48,38,39,21,Poor
60,3.27,85,74,87,74,Good
66,2.12,63,54,46,58,Average
96,2.54,64,72,66,84,Good
47,2.3,56,50,63,53,Average
76,2.36,48,61,61,58,Average
37,1.65,42,37,40,42,Average
43,1.58,28,37,9,46,Average
93,3.56,77,90,74,87,Excellent
58,2.32,51,63,60,40,Average
50,1.86,52,54,46,61,Average
86,3.0,72,72,60,75,Good
49,1.39,25,33,44,57,Poor
68,3.14,56,73,38,69,Good
98,2.86,71,70,68,90,Excellent
93,3.52,91,90,78,79,Excellent
72,3.18,72,74,100,69,Good
63,3.1,69,73,53,74,Good
87,3.57,97,80,92,79,Excellent
73,3.02,64,71,54,85,Good
49,1.57,18,51,54,27,Poor
71,3.1,55,48,43,65,Poor
63,1.92,31,31,35,55,Poor
64,2.86,68,55,94,62,Good
78,3.28,64,75,66,70,Good
39,1.57,42,40,77,47,Poor
83,2.53,64,63,37,44,Good
87,3.68,74,88,86,92,Excellent
86,3.34,90,81,83,86,Excellent
47,1.54,36,29,46,44,Poor
85,3.56,77,99,58,88,Excellent
36,1.79,28,31,40,40,Poor
98,3.82,86,87,74,82,Excellent
53,1.96,48,54,16,56,Average
76,3.63,76,95,71,82,Excellent
91,3.04,74,92,81,80,Excellent
52,1.41,27,37,26,24,Poor
83,3.48,75,79,95,100,Excellent
37,2.13,42,42,54,42,Poor
72,2.23,50,52,51,57,Average
67,3.12,58,76,78,76,Good
29,1.89,45,29,30,35,Poor
100,3.42,66,80,54,82,Good
95,3.14,78,85,82,93,Excellent
58,2.11,48,50,58,65,Average
37,1.05,40,44,43,35,Poor
85,2.59,54,61,27,87,Average
58,1.61,25,33,47,54,Poor
58,2.21,51,52,47,68,Average
58,2.59,62,57,38,47,Average
99,3.66,84,89,72,96,Excellent
46,2.6,65,61,41,62,Average
67,3.11,78,76,52,66,Good
74,2.9,71,68,63,48,Good
80,3.21,73,57,60,86,Good
87,3.6,86,73,79,76,Excellent
88,3.0,68,87,52,68,Good
30,1.59,44,39,40,55,Poor
76,3.68,89,84,70,76,Excellent
45,2.28,34,63,71,53,Average
65,2.56,55,66,89,64,Average
55,1.94,55,62,35,51,Average
75,2.3,55,47,47,55,Average
62,3.03,75,65,62,65,Good
60,2.85,70,75,59,90,Good
69,2.29,44,59,41,79,Average
61,1.79,49,35,42,44,Poor
54,1.94,61,63,35,68,Average
92,3.02,76,80,75,66,Good
33,2.21,60,60,53,68,Average
34,1.56,28,38,52,50,Poor
77,3.14,68,67,59,72,Good
32,1.39,47,34,13,48,Poor
36,1.44,57,33,23,30,Average
84,2.91,59,72,70,74,Good
51,2.17,57,58,60,71,Average
94,3.72,97,92,96,82,Excellent
82,3.14,73,75,65,78,Good
56,1.79,31,46,58,41,Poor
36,1.68,16,35,64,47,Poor
56,1.91,57,49,40,44,Average
48,1.29,37,42,58,50,Poor
97,3.63,84,76,90,88,Excellent
80,3.57,84,85,92,95,Excellent
51,1.97,50,61,80,63,Average
81,3.53,85,77,69,80,Excellent
76,3.06,81,62,77,69,Excellent
66,2.15,52,48,39,69,Poor
40,1.45,30,39,71,33,Poor
55,2.02,35,32,34,16,Poor
52,2.81,80,77,82,61,Good
43,2.37,57,63,55,42,Average
70,2.95,67,69,57,77,Good
48,1.48,28,38,21,54,Average
69,2.27,48,58,60,51,Average
87,3.88,71,86,64,90,Excellent
70,1.88,49,51,24,46,Poor
86,3.34,79,85,71,82,Excellent
54,1.54,25,48,32,37,Poor
23,1.53,22,37,37,55,Poor
47,2.12,56,70,39,82,Average
90,2.88,80,81,90,75,Good
36,1.71,27,37,41,30,Poor
66,2.17,46,52,76,51,Average
50,1.37,30,25,31,29,Poor
21,1.6,30,39,1,44,Poor
69,2.83,65,75,69,69,Good
67,3.7,75,87,100,75,Good
65,2.26,56,50,61,51,Average
54,1.87,29,42,29,35,Poor
77,2.51,59,53,63,38,Average
67,2.76,55,55,48,59,Average
63,2.68,34,52,74,71,Average
88,3.34,62,91,94,83,Excellent
67,1.52,37,30,40,19,Poor
58,2.15,76,51,67,53,Average
87,3.43,84,88,97,86,Excellent
57,3.23,68,79,60,66,Good
61,2.45,48,57,46,66,Average
83,3.45,72,80,68,77,Excellent
66,2.58,72,57,69,54,Average
67,2.39,58,55,80,64,Average
69,2.26,37,54,37,59,Average
68,3.39,78,82,80,81,Excellent
98,3.51,100,87,78,67,Excellent
62,2.43,49,59,54,41,Average
36,1.51,38,36,20,33,Poor
95,3.49,80,84,90,87,Excellent
84,3.43,72,81,66,100,Excellent
75,3.73,93,97,77,94,Excellent
98,3.16,61,92,62,83,Excellent
66,3.44,94,87,100,98,Excellent
37,1.12,34,30,39,28,Poor
52,1.5,49,33,39,33,Poor
62,3.03,66,67,100,77,Good
47,1.5,44,40,31,45,Poor
53,2.88,78,75,77,68,Good
59,1.47,52,33,58,44,Poor
74,3.2,73,81,53,74,Good
99,3.44,61,100,62,67,Good
61,3.0,76,70,78,64,Good
76,3.27,73,69,53,68,Good
59,2.47,65,53,82,62,Average
57,2.66,58,57,65,62,Average
80,3.18,70,90,63,100,Excellent
73,3.56,75,77,72,100,Excellent
50,2.22,53,46,65,26,Average
78,3.18,99,85,84,69,Excellent
74,3.68,88,80,75,74,Good
77,2.15,50,61,27,44,Average
92,3.28,84,75,82,76,Excellent
81,3.96,85,80,96,72,Excellent
50,3.0,88,70,65,75,Good
87,2.59,75,76,49,55,Good
83,3.31,83,96,62,67,Excellent
84,2.97,89,63,60,71,Good
91,4.0,90,75,95,90,Excellent
42,1.79,33,39,58,42,Poor
86,3.01,75,70,71,78,Good
25,1.5,34,38,37,44,Poor
63,2.42,67,63,44,57,Average
82,2.26,51,52,51,42,Average
34,1.64,46,33,43,52,Poor
57,1.51,42,41,49,42,Average
31,1.73,40,36,32,47,Poor
56,2.34,61,53,42,77,Average
43,1.59,23,34,37,33,Poor
65,2.32,66,59,43,31,Average
74,2.44,49,66,24,52,Average
72,3.13,76,70,71,62,Good
64,2.04,67,46,40,77,Average
66,3.55,92,85,76,84,Excellent
47,1.46,25,33,48,65,Poor
84,2.88,74,71,72,69,Good
82,3.39,85,83,72,87,Excellent
44,1.78,36,36,44,49,Poor
71,3.05,70,67,88,73,Good
46,2.06,14,33,30,52,Average
100,3.55,82,87,62,75,Excellent
69,3.84,84,93,59,79,Good
42,0.97,32,43,60,32,Poor
43,2.36,47,55,57,56,Average
50,2.59,38,61,33,80,Average
70,3.39,78,90,67,95,Excellent
78,3.2,76,92,68,100,Excellent
36,2.66,69,50,49,59,Average
73,2.76,80,70,45,48,Good
28,1.85,41,43,56,32,Poor
57,2.53,50,56,58,46,Average
53,1.37,45,36,55,30,Poor
26,1.6,59,30,35,64,Poor
58,2.62,59,53,46,52,Average
72,3.7,81,79,76,100,Excellent
61,2.16,46,55,63,64,Poor
44,1.76,34,32,31,58,Poor
18,1.84,41,36,45,31,Poor
26,1.4,50,39,39,67,Poor
51,2.33,73,58,46,40,Average
72,2.92,71,76,78,75,Good
81,1.95,44,66,53,55,Average
72,2.73,71,63,70,82,Good
84,2.88,54,84,67,63,Good
58,2.73,82,71,69,81,Good
71,3.05,69,72,62,88,Good
65,2.85,63,64,49,51,Average
64,3.89,72,84,76,93,Excellent
44,2.8,43,57,25,53,Average
100,3.32,94,88,96,100,Excellent
100,3.48,88,77,100,72,Excellent
97,3.43,58,84,67,67,Excellent
66,3.53,83,76,89,94,Excellent
88,3.31,86,82,98,84,Excellent
100,3.64,83,83,99,70,Excellent
100,3.73,82,81,50,78,Excellent
18,1.64,36,39,44,46,Poor
90,2.44,77,67,89,74,Good
25,2.0,31,36,40,49,Poor
77,3.48,64,87,100,69,Excellent
50,2.31,59,60,16,43,Average
80,2.76,68,81,83,82,Good
61,3.11,61,65,63,65,Good
85,3.04,91,79,84,89,Excellent
100,3.22,100,74,81,93,Excellent
97,3.54,73,78,78,100,Excellent
54,3.1,80,67,64,75,Good
74,3.2,80,67,60,57,Good
66,1.63,17,35,37,63,Poor
58,2.1,41,64,60,39,Average
43,2.79,50,57,23,57,Average
65,2.99,63,73,78,83,Good
72,2.49,46,48,48,76,Average
93,3.46,93,73,81,79,Excellent
79,2.54,63,74,74,86,Good
38,1.77,40,38,22,36,Poor
100,3.73,72,88,53,87,Excellent
81,2.94,61,85,75,70,Good
64,1.69,47,25,24,37,Poor
94,3.89,84,88,94,81,Good
46,1.43,41,42,44,54,Poor
80,3.46,100,91,96,70,Excellent
100,3.58,88,84,76,81,Excellent
66,3.44,100,88,70,86,Excellent
62,2.66,58,61,54,66,Average
92,3.51,76,88,65,100,Excellent
53,2.5,66,46,69,82,Average
74,3.37,81,84,100,92,Good
59,3.14,72,76,39,76,Good
67,2.9,59,50,46,58,Average
51,2.29,55,65,58,27,Average
60,1.53,37,37,1,42,Poor
62,3.36,62,73,80,65,Good
81,2.34,60,47,84,44,Average
51,1.59,51,47,43,46,Poor
100,3.77,71,83,100,78,Excellent
68,2.6,46,53,79,47,Average
86,3.49,85,85,98,100,Excellent
89,3.09,63,76,67,69,Excellent
74,2.25,51,54,65,62,Average
89,3.64,92,79,60,100,Excellent
74,2.26,46,60,47,65,Average
60,1.7,42,32,47,45,Poor
58,2.68,63,52,58,60,Average
100,3.43,81,95,100,80,Excellent
74,3.24,60,53,72,75,Excellent
71,2.19,49,52,50,53,Average
57,2.31,66,60,63,66,Average
78,2.89,83,77,81,61,Good
93,3.34,87,75,92,89,Excellent
72,2.7,78,67,76,68,Good
47,1.67,39,38,59,27,Poor
90,3.03,83,82,68,83,Excellent
71,3.82,80,100,74,88,Excellent
76,2.87,73,75,87,72,Good
58,2.55,58,49,50,81,Average
92,3.15,86,84,93,83,Excellent
77,2.82,74,69,60,54,Good
62,2.31,56,56,33,43,Average
75,3.03,61,76,69,52,Good
36,1.44,29,33,47,28,Poor
53,2.26,68,59,27,37,Average
81,3.48,79,73,97,100,Excellent
44,2.77,50,55,40,51,Average
90,3.76,87,78,77,88,Excellent
49,1.61,41,39,47,52,Poor
50,1.56,36,45,48,64,Poor
28,2.66,59,58,51,60,Average
83,2.81,63,71,50,93,Good
96,3.72,82,86,60,82,Excellent
100,3.65,89,99,73,97,Excellent
56,1.45,12,38,36,50,Poor
57,2.9,59,45,41,57,Average
81,3.33,80,80,85,100,Excellent
69,3.36,62,77,73,87,Good
57,2.14,66,42,71,52,Average
89,3.86,89,81,100,94,Excellent
88,3.36,87,91,58,89,Excellent
100,4.0,100,93,99,93,Excellent
94,2.29,55,64,66,58,Average
76,1.86,46,53,46,67,Average
52,2.17,43,45,63,61,Average
63,2.6,54,62,63,59,Average
34,1.6,27,46,19,34,Poor
23,1.6,39,36,35,44,Poor
28,1.62,42,29,33,50,Average
96,3.67,75,85,82,84,Excellent
77,2.97,67,72,75,75,Good
77,3.55,76,81,77,70,Excellent
45,1.43,26,45,28,44,Poor
56,1.64,30,40,41,36,Poor
56,2.13,50,48,69,77,Average
52,2.64,51,65,42,35,Average
89,3.3,73,72,81,80,Good
89,3.31,99,89,67,84,Excellent
57,1.21,41,38,45,36,Poor
85,2.64,59,75,67,67,Good
53,2.35,67,52,39,59,Average
51,2.48,63,61,32,53,Average
73,1.83,51,56,52,60,Average
82,3.72,75,87,100,80,Excellent
100,3.78,78,88,63,93,Excellent
71,3.64,90,86,100,82,Excellent
100,4.0,91,85,91,96,Excellent
45,1.74,15,47,2,29,Poor
79,2.96,51,58,53,55,Average
59,2.0,63,59,87,46,Average
55,1.56,32,35,34,41,Poor
80,3.92,83,86,99,100,Excellent
93,3.62,71,77,41,89,Good
100,3.75,100,81,96,88,Excellent
74,2.61,69,75,94,65,Good
49,1.58,39,39,19,28,Poor
42,1.56,28,38,27,38,Poor
67,3.31,63,64,35,72,Good
84,3.56,87,86,90,100,Excellent
43,2.56,53,54,55,65,Average
84,3.68,86,90,100,68,Good
70,2.57,48,61,40,84,Average
34,1.46,38,43,39,57,Poor
71,1.87,38,42,33,29,Poor
45,1.23,23,44,31,49,Poor
56,2.11,37,43,27,42,Poor
99,3.74,77,84,88,97,Excellent
61,2.1,62,53,51,38,Average
64,2.34,48,59,26,69,Average
93,3.51,95,87,86,73,Excellent
90,3.1,88,85,76,68,Excellent
66,2.28,59,51,76,70,Average
98,3.66,90,86,83,78,Excellent
58,2.57,49,58,55,57,Average
70,2.55,89,75,60,87,Excellent
56,2.26,54,57,61,56,Average
55,1.28,37,33,32,38,Poor
69,2.71,62,64,54,88,Good
60,2.19,44,50,37,55,Good
82,3.69,96,84,78,92,Excellent
79,3.49,90,91,65,82,Excellent
63,2.96,71,66,65,77,Good
74,3.57,95,78,86,97,Excellent
61,1.59,41,35,39,50,Poor
69,3.47,68,76,68,51,Good
78,3.11,57,69,47,62,Good
79,3.23,70,80,85,60,Good
67,3.73,74,90,83,75,Excellent
88,3.63,72,90,42,79,Excellent
90,3.58,83,95,58,76,Excellent
70,3.39,81,73,33,68,Good
71,2.95,81,65,74,72,Good
85,2.98,65,64,54,53,Good
85,3.72,85,78,82,100,Good
59,2.73,78,73,70,76,Good
53,1.72,26,35,38,32,Poor
81,2.04,47,52,54,46,Average
69,2.44,63,70,77,72,Good
48,2.18,59,54,26,53,Average
75,2.21,49,61,60,56,Average
40,2.05,47,29,35,46,Poor
93,2.98,77,73,58,46,Good
56,2.42,57,62,72,62,Average
76,2.84,59,75,95,69,Good
48,1.54,26,30,76,29,Average
100,3.46,90,88,100,99,Excellent
79,2.71,85,79,44,61,Excellent
81,2.84,63,82,71,79,Good
60,2.19,53,59,59,57,Average
52,2.08,67,56,61,76,Average
43,1.53,24,37,24,49,Poor
81,2.26,53,50,52,74,Average
88,3.53,94,83,84,81,Excellent
67,2.81,88,67,100,77,Good
75,3.06,68,71,65,83,Good
77,2.71,70,69,63,68,Good
85,2.61,76,71,69,64,Good
41,2.37,53,66,38,37,Poor
88,2.7,80,78,81,72,Good
68,3.43,87,89,75,86,Excellent
40,1.62,39,40,18,23,Poor
36,1.4,51,50,48,51,Poor
62,1.94,57,69,32,55,Average
63,1.88,60,65,38,55,Average
83,3.14,57,83,58,69,Good
72,2.59,83,70,61,90,Good
71,3.3,84,72,53,48,Good
45,1.75,28,48,5,59,Poor
56,2.14,67,57,20,50,Average
37,1.69,33,26,50,55,Poor
49,1.66,31,32,44,22,Poor
56,1.97,39,33,10,54,Poor
99,3.32,71,85,82,92,Excellent
92,3.67,80,95,64,69,Excellent
80,3.68,78,87,84,78,Excellent
58,2.05,38,33,28,40,Poor
87,3.61,100,77,100,97,Excellent
97,3.25,90,95,45,77,Excellent
44,1.99,42,43,37,40,Poor
63,3.35,72,76,58,87,Good
55,1.98,33,30,41,64,Poor
52,2.35,57,55,62,46,Average
66,3.15,72,72,81,78,Good
78,2.72,81,77,83,72,Good
98,3.45,88,88,73,97,Excellent
91,3.44,84,83,60,90,Excellent
80,1.97,57,65,61,60,Average
78,3.54,87,79,88,84,Excellent
62,1.71,29,43,29,33,Average
50,2.0,49,55,34,75,Average
75,2.92,68,79,70,80,Good
60,2.5,69,60,51,74,Average
53,1.72,41,46,19,37,Poor
53,1.53,33,47,50,43,Poor
69,2.21,37,56,28,83,Average
68,2.26,54,49,47,49,Average
69,3.03,74,54,84,89,Good
80,3.24,53,78,100,67,Good
54,2.48,36,53,45,39,Average
59,1.01,29,35,0,26,Poor
58,1.88,59,47,54,61,Average
82,2.73,70,76,36,97,Good
55,1.97,56,53,39,45,Average
80,2.49,66,82,56,65,Good
64,2.63,55,74,65,76,Good
99,3.34,72,95,78,83,Excellent
92,3.39,93,78,69,75,Excellent
41,1.7,33,40,57,18,Poor
90,2.84,66,64,61,83,Good
45,1.98,38,36,60,47,Poor
49,1.42,41,33,30,64,Poor
82,3.39,69,76,59,100,Excellent
53,2.95,55,68,54,81,Good
70,2.45,35,64,53,63,Average
86,3.25,68,79,73,73,Good
82,2.89,77,77,93,88,Average
64,2.82,67,78,50,68,Good
46,1.35,42,40,56,43,Poor
71,3.21,69,67,56,61,Good
82,3.67,87,77,100,100,Excellent
57,1.26,50,40,40,54,Poor
85,3.07,72,72,74,74,Good
77,3.69,73,76,73,94,Excellent
63,1.38,36,34,12,52,Poor
93,3.69,87,84,70,87,Excellent
87,3.75,76,89,75,77,Excellent
86,3.39,87,89,100,100,Excellent
42,1.59,37,43,42,8,Poor
61,2.37,54,53,22,51,Average
54,1.59,23,35,47,28,Poor
84,3.2,81,88,68,75,Excellent
81,2.85,69,73,70,84,Good
42,1.57,37,44,25,32,Poor
57,2.48,56,60,48,54,Average
85,3.83,88,87,64,89,Excellent
62,2.67,67,60,59,65,Average
85,2.71,68,66,62,84,Good
52,2.16,44,55,46,79,Average
63,2.89,73,84,47,86,Good
41,1.36,22,43,28,44,Poor
29,1.78,51,38,26,46,Poor
60,2.49,48,58,28,63,Average
80,3.46,80,86,100,64,Excellent
40,1.79,26,40,23,36,Poor
60,1.94,69,53,60,41,Average
55,1.5,40,47,39,41,Poor
70,2.52,65,68,58,64,Good
49,2.13,35,68,65,48,Average
76,2.79,76,75,80,76,Good
46,2.56,27,61,66,53,Average
77,2.61,61,65,53,65,Good
80,3.56,89,87,67,88,Excellent
81,3.57,69,83,66,88,Excellent
79,3.19,88,90,79,100,Good
46,1.99,55,53,47,70,Average
59,2.09,50,54,77,69,Average
77,3.25,77,78,73,56,Good
82,3.6,94,85,99,100,Excellent
75,3.69,83,84,94,91,Excellent
84,3.37,75,81,100,100,Excellent
55,2.31,44,58,45,70,Average
42,1.65,41,33,27,23,Poor
81,3.53,77,84,98,79,Good
48,1.94,55,53,66,67,Average
78,2.74,65,78,76,96,Good
55,2.54,44,58,28,60,Average
87,3.76,88,82,89,100,Excellent
53,1.77,37,51,29,32,Poor
92,3.46,91,97,81,75,Excellent
75,2.64,78,63,73,63,Good
80,2.32,83,68,79,81,Average
92,2.77,81,73,72,49,Good
67,1.9,45,30,39,56,Poor
67,1.58,36,34,44,29,Poor
61,1.79,33,38,45,53,Average
56,2.6,54,51,61,53,Average
60,1.52,25,37,25,47,Poor
50,1.72,37,47,49,35,Average
68,1.9,51,55,59,26,Average
63,2.96,60,72,61,100,Good
47,1.8,54,51,92,56,Poor
61,2.68,60,72,75,81,Good
100,3.32,90,87,87,100,Excellent
49,1.65,36,44,18,61,Poor
72,2.26,60,50,73,83,Average
71,3.34,78,80,96,84,Excellent
68,3.7,84,89,70,100,Excellent
79,2.83,60,77,66,66,Good
82,2.97,68,67,69,81,Good
49,1.76,52,39,37,31,Poor
23,1.74,24,32,5,36,Poor
42,2.22,65,53,44,68,Average
73,2.79,40,44,48,40,Average
50,1.91,42,61,47,51,Average
89,3.89,73,77,86,87,Excellent
41,1.47,37,34,25,49,Poor
100,2.73,97,70,59,76,Good
54,2.11,58,63,50,60,Average
92,3.3,87,80,100,98,Excellent
58,1.41,39,37,16,30,Poor
51,1.49,44,39,34,36,Poor
49,1.64,34,29,29,29,Poor
34,1.94,21,45,37,36,Average
85,2.82,80,77,94,67,Good
31,1.92,32,31,29,71,Poor
74,2.6,53,74,62,74,Good
55,2.27,57,52,68,56,Average
80,2.0,39,49,70,78,Average
59,2.74,83,78,62,82,Good
78,2.77,67,64,66,85,Good
44,1.74,27,30,46,24,Poor
92,3.1,72,75,53,91,Good
70,2.21,48,50,57,46,Average
83,3.57,95,80,85,78,Excellent
45,1.51,38,44,36,42,Poor
85,2.9,82,86,68,80,Excellent
78,3.27,73,68,82,56,Good
92,3.09,62,91,83,100,Excellent
84,2.9,84,68,52,71,Good
100,2.41,76,69,59,65,Good
86,3.5,86,88,81,88,Excellent
82,3.48,86,73,90,75,Excellent
75,3.06,94,66,51,63,Good
53,3.06,80,72,95,82,Good
90,3.91,78,97,95,92,Excellent
77,3.28,72,76,64,88,Excellent
32,1.56,39,36,42,52,Poor
47,2.19,50,45,37,49,Average
76,3.06,86,67,48,62,Good
53,2.05,51,50,61,45,Average
84,2.96,74,69,62,75,Good
66,1.78,42,33,46,45,Poor
92,3.22,94,85,75,98,Excellent
73,3.57,90,90,53,77,Excellent
60,2.1,37,41,29,52,Poor
61,2.25,64,48,17,56,Average
72,2.61,74,80,70,61,Good
58,1.96,54,54,51,75,Average
61,3.16,73,71,77,91,Good
88,3.78,86,87,77,85,Excellent
100,3.2,82,81,89,100,Excellent
60,1.58,40,36,12,53,Poor
39,1.8,47,33,26,50,Poor
47,1.66,15,28,27,35,Poor
77,3.62,77,87,64,65,Excellent
83,3.58,81,86,100,83,Excellent
91,3.46,82,77,97,85,Excellent
90,3.38,86,84,85,94,Excellent
67,3.23,54,63,70,72,Good
70,2.77,55,84,87,63,Good
52,2.27,78,73,65,88,Good
62,3.32,61,79,73,51,Good
78,3.07,90,73,81,70,Excellent
82,3.55,74,88,74,83,Excellent
56,2.15,49,40,58,48,Poor
52,1.65,42,42,22,44,Poor
45,1.5,43,37,65,42,Poor
72,3.09,59,77,55,66,Good
72,2.57,92,65,52,67,Good
97,3.54,96,84,66,100,Excellent
49,1.95,46,55,54,55,Average
41,1.46,12,40,44,61,Poor
49,1.7,32,51,16,59,Poor
57,2.32,50,71,39,72,Average
67,2.93,80,93,49,77,Good
96,3.25,84,81,77,81,Excellent
79,3.39,92,90,83,87,Excellent
57,3.15,57,69,64,71,Good
50,2.21,50,55,47,61,Average
33,2.44,43,50,63,54,Average
83,2.75,66,69,41,68,Good
79,2.78,68,75,76,59,Good
82,2.82,70,74,80,51,Good
51,1.5,53,39,31,36,Poor
58,2.59,58,56,52,50,Average
73,2.96,72,80,64,71,Good
87,3.17,76,80,86,87,Good
52,1.48,28,36,24,31,Average
35,1.72,35,48,54,40,Poor
86,3.59,85,79,100,95,Excellent
87,3.58,82,94,80,89,Excellent
94,3.79,94,90,78,95,Excellent
30,1.7,47,38,29,44,Average
93,3.63,78,82,81,76,Excellent
18,1.52,36,46,37,23,Poor
66,2.79,77,68,55,65,Good
76,2.14,52,69,74,39,Average
59,2.16,49,56,54,53,Average
100,3.69,88,80,70,100,Excellent
70,1.99,46,49,29,60,Good
35,1.63,37,44,53,42,Poor
100,3.37,84,86,71,94,Excellent
80,2.92,83,69,83,72,Good
62,3.13,80,72,55,90,Average
37,1.31,39,38,44,42,Poor
100,3.16,80,88,100,85,Excellent
65,2.38,47,49,90,52,Average
82,3.6,97,83,72,63,Excellent
34,1.57,42,41,26,56,Average
73,3.22,73,80,57,85,Good
82,3.48,93,87,63,80,Excellent
31,1.76,36,37,17,41,Poor
56,2.45,47,48,32,41,Average
44,2.12,48,54,38,52,Average
73,2.81,67,51,41,56,Average
100,3.5,96,82,82,100,Excellent
36,1.48,25,37,13,40,Poor
57,1.72,70,50,57,57,Good
48,3.28,76,63,45,91,Good
22,1.79,30,33,40,25,Poor
85,3.85,84,87,80,86,Excellent
78,2.67,79,61,59,69,Good
66,3.14,75,77,66,79,Good
62,3.4,95,77,37,93,Excellent
84,3.61,84,89,75,84,Good
84,3.44,82,98,89,91,Excellent
91,3.64,70,91,76,88,Excellent
47,2.02,40,47,51,31,Poor
56,1.86,38,29,63,48,Average
84,3.22,65,76,89,93,Good
47,1.47,31,39,28,46,Poor
53,1.63,25,40,40,49,Poor
37,1.73,44,36,36,34,Poor
78,2.79,58,81,76,69,Average
38,1.35,24,39,59,37,Poor
43,2.32,58,65,72,68,Average
67,2.63,64,72,50,59,Good
91,3.58,85,85,61,81,Excellent
45,1.6,40,41,41,44,Poor
100,3.55,86,89,70,86,Excellent
85,3.21,90,81,100,93,Excellent
51,1.84,53,38,28,49,Poor
59,1.56,56,27,42,33,Poor
61,2.45,50,62,57,50,Average
72,2.7,75,70,60,82,Excellent
45,1.85,27,30,16,28,Poor
56,2.72,96,70,79,64,Good
75,3.09,90,91,74,56,Excellent
51,2.75,47,49,57,57,Average
69,2.21,36,53,53,72,Poor
40,1.13,66,37,52,28,Average
27,1.59,25,43,44,40,Poor
61,1.06,40,35,63,60,Poor
52,2.31,51,61,50,57,Average
65,2.57,40,55,56,57,Average
70,3.13,69,66,62,73,Good
100,3.71,90,88,89,64,Good
69,2.66,49,71,70,71,Good
22,1.71,44,41,26,39,Poor
77,3.42,97,88,68,82,Excellent
45,1.53,20,33,40,39,Poor
63,2.72,66,67,71,49,Good
70,3.12,57,79,46,64,Good
88,2.72,69,69,53,81,Good
60,1.88,24,35,49,49,Poor
67,2.54,63,56,33,46,Average
44,1.82,39,40,44,51,Poor
65,2.79,62,73,66,66,Good
57,1.96,44,38,40,42,Average
71,2.12,57,53,55,68,Average
95,3.84,87,90,82,100,Excellent
74,2.5,48,57,44,49,Average
80,3.29,64,73,73,60,Good
24,1.32,40,32,28,48,Poor
77,3.05,81,67,85,66,Good
60,2.65,51,61,65,55,Poor
49,2.15,52,49,44,45,Average
62,2.63,48,57,63,43,Good
97,3.32,86,83,90,90,Excellent
25,1.47,33,33,31,54,Poor
52,1.94,32,42,32,53,Poor
77,3.96,97,89,80,75,Excellent
93,3.57,78,89,100,100,Excellent
86,3.33,69,79,63,82,Excellent
75,2.98,92,64,80,91,Good
63,2.01,66,61,46,55,Average
79,3.62,97,73,91,57,Excellent
79,3.72,87,86,68,100,Excellent
59,2.41,68,63,30,61,Average
63,2.47,35,58,55,77,Poor
49,1.93,67,60,64,65,Average
92,3.2,95,93,79,85,Excellent
52,2.63,70,65,67,60,Good
51,1.79,52,45,43,52,Poor
33,2.05,53,66,62,62,Average
57,2.42,59,59,46,54,Average
30,1.82,37,39,23,25,Poor
93,3.19,88,73,93,96,Excellent
35,1.36,51,44,66,43,Poor
66,3.13,65,69,84,68,Good
71,2.58,51,52,40,65,Average
67,3.11,80,76,93,77,Good
47,1.85,40,49,53,48,Poor
84,3.2,78,89,88,88,Excellent
37,1.36,41,39,24,25,Poor
56,1.43,43,33,66,33,Poor
60,2.3,60,52,45,41,Average
91,3.2,89,86,58,99,Excellent
69,1.97,55,62,20,56,Average
81,2.79,57,70,91,85,Good
69,2.28,46,51,44,37,Average
67,2.45,62,59,54,66,Average
33,1.62,42,42,35,39,Poor
59,2.33,50,54,53,60,Average
81,3.35,94,78,100,96,Good
44,1.43,32,37,48,40,Poor
32,1.23,28,37,26,57,Poor
45,1.64,12,32,23,44,Poor
54,2.58,55,66,58,61,Average
100,3.76,93,83,69,97,Excellent
54,2.48,43,52,25,70,Average
55,2.53,55,51,70,60,Average
82,3.57,85,93,100,80,Excellent
48,1.87,64,45,56,68,Average
68,2.48,59,53,63,62,Poor
69,3.01,84,60,65,57,Good
40,1.67,37,43,13,61,Poor
46,1.8,42,54,25,45,Poor
82,3.37,84,85,100,88,Excellent
77,2.5,25,65,64,81,Average
51,1.77,33,35,12,48,Poor
100,3.51,87,92,100,100,Excellent
66,2.9,72,67,45,93,Good
96,3.42,89,89,90,76,Excellent
64,2.5,49,53,64,61,Average
59,2.39,50,59,61,71,Average
98,3.14,76,92,68,83,Good
49,1.6,38,37,51,51,Poor
100,3.83,100,90,84,67,Excellent
71,3.26,74,80,65,83,Good
80,3.56,80,84,100,100,Excellent
92,3.11,95,89,87,97,Excellent
80,3.73,82,93,73,89,Excellent
91,3.13,70,71,69,66,Good
44,1.31,29,27,22,43,Poor
62,2.67,82,65,76,65,Good
57,1.83,53,56,70,58,Average
79,2.5,60,58,42,56,Average
29,1.19,55,35,33,29,Average
55,2.4,69,53,32,65,Average
48,1.43,44,33,38,36,Poor
93,2.94,72,68,75,64,Good
55,2.28,55,52,38,66,Average
57,1.59,18,27,38,52,Poor
71,1.92,57,54,50,74,Average
81,2.79,67,72,70,73,Good
69,2.17,46,62,32,55,Average
64,1.9,45,43,47,55,Poor
100,3.41,84,77,75,92,Excellent
100,3.7,81,89,76,81,Excellent
72,2.53,45,66,30,51,Good
83,3.5,89,88,100,58,Good
61,2.28,44,63,57,63,Average
89,3.02,77,80,68,76,Good
51,1.53,40,48,51,69,Poor
56,1.46,38,38,25,41,Poor
36,1.94,60,56,61,59,Average
72,2.51,58,56,62,62,Average
53,2.6,70,69,98,93,Good
63,1.92,27,45,42,34,Poor
62,2.68,39,52,65,62,Average
88,2.69,49,47,46,47,Average
94,3.27,98,96,100,73,Excellent
87,3.54,71,81,100,96,Excellent
83,3.27,80,75,68,61,Good
100,3.61,84,89,59,73,Excellent
90,3.72,92,89,71,64,Excellent
81,3.22,57,83,30,63,Good
79,2.87,67,65,77,64,Good
91,3.77,77,95,82,76,Excellent
90,2.91,76,81,84,56,Good
72,2.12,52,63,73,50,Average
62,3.15,72,69,39,89,Good
58,1.54,21,35,42,36,Poor
42,1.35,40,44,23,57,Poor
82,2.93,67,70,67,67,Good
77,3.23,76,71,89,45,Good
65,3.03,53,75,54,65,Average
53,2.21,64,61,37,46,Average
77,2.94,76,71,63,88,Good
70,2.11,57,59,39,57,Average
72,2.19,66,53,36,53,Average
49,1.86,50,53,60,61,Average
70,3.16,78,66,65,75,Good
27,1.29,36,39,66,30,Poor
34,1.97,47,46,38,45,Poor
66,2.77,60,59,60,46,Good
65,3.16,69,72,65,86,Good
74,2.72,76,72,32,81,Good
46,1.42,33,38,12,51,Poor
43,2.34,65,47,58,65,Average
42,2.17,33,42,6,47,Poor
36,1.53,51,37,17,34,Poor
56,1.61,41,40,34,32,Poor
51,2.28,54,53,36,55,Average
81,2.24,56,56,39,77,Average
64,2.61,68,71,70,69,Good
36,1.61,25,34,35,63,Poor
52,2.89,90,63,38,55,Good
88,4.0,69,92,80,95,Good
62,2.2,50,49,67,63,Average
49,1.71,37,38,52,44,Poor
27,1.04,38,46,41,49,Poor
45,1.77,35,35,43,41,Poor
61,1.61,51,59,57,68,Average
67,2.61,48,63,56,69,Average
88,3.92,88,85,96,60,Excellent
73,2.99,63,73,91,63,Good
93,3.35,100,93,86,98,Excellent
47,1.46,36,41,15,42,Average
73,2.95,72,69,65,76,Good
69,2.77,77,63,77,80,Good
54,1.95,47,68,63,69,Average
83,2.8,73,70,65,43,Excellent
100,3.39,90,96,77,84,Excellent
95,3.19,96,88,77,88,Excellent
70,1.45,42,50,48,39,Poor
93,2.95,68,66,100,60,Good
92,3.51,85,81,79,75,Excellent
46,2.03,18,38,31,53,Poor
49,1.53,34,43,63,35,Poor
72,3.05,62,73,62,57,Excellent
32,1.57,28,36,57,39,Poor
64,2.75,68,74,66,77,Good
29,1.72,21,39,29,56,Poor
74,3.07,61,64,70,68,Good
63,2.35,57,57,65,58,Average
34,1.71,37,40,39,29,Poor
52,1.85,56,54,35,39,Average
47,1.62,41,34,24,47,Poor
36,2.48,62,61,57,33,Average
73,3.01,71,77,82,60,Good
56,1.83,59,49,37,58,Average
40,2.13,40,40,42,47,Poor
74,3.19,79,92,60,53,Excellent
83,2.72,77,79,81,75,Good
56,2.32,22,53,64,53,Average
89,3.42,86,89,84,86,Excellent
65,2.01,66,60,76,50,Average
68,2.28,54,53,56,71,Average
44,1.95,53,38,74,42,Poor
43,2.21,58,56,33,39,Average
83,3.5,88,83,73,86,Excellent
54,1.69,32,37,31,31,Poor
73,3.2,90,89,91,83,Excellent
63,2.79,46,54,68,58,Average
83,3.31,92,84,99,93,Excellent
45,1.38,30,65,52,52,Poor
63,2.35,40,53,49,70,Average
95,3.23,83,72,73,84,Good
70,3.3,64,80,81,61,Good
32,1.7,30,33,44,30,Poor
63,2.29,69,60,41,57,Average
67,3.23,80,64,51,100,Average
68,2.76,66,69,77,54,Good
42,1.82,36,43,29,44,Poor
80,3.56,88,97,98,79,Excellent
66,2.05,46,56,55,37,Average
78,3.25,63,68,63,48,Good
93,3.88,76,96,97,83,Excellent
76,3.26,91,79,93,91,Excellent
52,2.38,59,62,50,69,Average
68,3.15,72,66,68,81,Average
52,1.7,30,41,25,44,Poor
76,2.69,62,73,85,69,Good
61,3.19,63,73,62,57,Good
60,3.12,82,88,50,80,Good
100,3.21,56,87,100,100,Excellent
38,1.53,55,35,20,49,Poor
67,1.34,46,34,23,33,Poor
62,2.97,72,68,59,75,Good
86,2.86,69,75,85,68,Good
100,3.92,90,81,100,80,Excellent
65,2.66,65,71,52,72,Good
43,1.39,22,25,34,37,Poor
85,2.95,76,59,75,65,Good
59,2.2,52,52,46,82,Average
80,3.36,72,96,64,78,Excellent
81,3.95,85,77,85,78,Excellent
37,2.29,57,66,54,70,Average
47,1.83,37,42,36,42,Average
50,1.1,39,33,53,25,Poor
97,3.08,85,89,100,80,Excellent
68,2.54,59,44,50,45,Average
62,3.15,78,74,81,70,Good
36,1.58,29,41,46,70,Poor
87,3.31,62,63,73,66,Good
34,2.04,63,55,55,42,Average
49,2.87,63,55,40,57,Average
73,1.44,32,33,56,38,Poor
73,3.3,90,89,91,100,Excellent
71,3.1,70,76,79,97,Good
27,1.67,33,37,54,34,Poor
74,2.62,80,72,41,69,Good
75,2.95,94,64,38,76,Good
65,2.02,44,52,58,62,Average
82,2.89,39,74,68,74,Average
34,1.11,29,35,31,31,Poor
56,1.66,26,36,28,43,Poor
63,2.12,58,54,66,43,Average
82,3.66,97,86,88,100,Excellent
57,2.42,61,60,57,56,Average
27,1.46,38,48,33,35,Poor
79,3.35,100,86,95,77,Excellent
68,1.61,45,38,20,59,Poor
75,3.57,72,72,70,65,Excellent
56,2.3,65,58,42,63,Average
73,2.03,37,34,38,45,Poor
51,1.83,69,52,56,65,Average
98,3.58,71,85,88,88,Excellent
63,2.36,44,56,62,45,Average
43,1.4,42,30,58,39,Poor
79,2.75,73,68,54,65,Good
51,2.11,55,51,51,56,Average
100,3.95,69,80,79,75,Excellent
55,1.6,24,39,40,50,Poor
85,3.75,96,79,92,94,Excellent
53,2.12,49,52,32,45,Average
77,2.84,76,66,47,51,Good
46,1.66,29,31,29,41,Poor
67,2.46,53,60,56,42,Average
27,1.19,32,33,28,39,Poor
84,3.11,60,74,83,86,Good
90,3.26,79,81,74,80,Excellent
52,1.2,34,47,58,52,Poor
79,3.65,85,76,89,79,Excellent
45,1.16,59,35,47,42,Average
77,3.38,86,83,59,87,Excellent
87,3.41,87,81,66,93,Good
81,2.86,52,71,32,76,Good
35,1.66,67,42,78,49,Poor
72,2.96,80,71,59,69,Good
42,2.8,64,66,70,67,Excellent
26,1.69,49,49,41,48,Poor
49,1.71,34,35,34,48,Poor
68,2.2,43,64,71,60,Good
37,1.14,46,34,54,52,Poor
75,2.88,81,55,68,71,Good
52,2.73,48,57,48,59,Average
90,3.2,89,90,92,99,Good
33,1.54,37,42,46,44,Poor
75,2.21,56,60,60,51,Average
64,2.69,59,84,76,76,Good
77,3.19,79,91,98,92,Excellent
76,2.58,70,63,75,61,Good
94,3.09,82,88,86,100,Excellent
53,1.97,38,62,47,55,Average
66,2.12,44,51,45,54,Average
73,2.63,90,69,70,85,Excellent
87,2.95,71,70,78,67,Good
90,2.94,95,62,79,86,Good
77,2.45,69,72,80,83,Good
